date,brand,channel,visits,leads,qualified,bookings,attended,orders,revenue_yuan,spend_yuan
2026-04-01,知屿体验,内容社区,158,30,22,13,10,3,1140,55
2026-04-01,知屿体验,搜索投放,225,45,33,20,15,4,1520,214
2026-04-01,知屿体验,体验合伙人,211,45,33,20,15,3,1140,74
2026-04-01,知屿体验,会员推荐,270,61,45,32,24,7,2660,94
2026-04-01,知屿体验,主题活动,293,70,51,31,24,8,3040,103
2026-04-01,知屿体验,自然到访,297,74,54,32,24,8,3040,104
2026-04-01,拾光工坊,内容社区,134,25,18,11,8,2,520,47
2026-04-01,拾光工坊,搜索投放,127,26,19,11,8,2,520,121
2026-04-01,拾光工坊,体验合伙人,161,34,25,15,11,2,520,56
2026-04-01,拾光工坊,会员推荐,177,40,29,21,16,5,1300,62
2026-04-01,拾光工坊,主题活动,189,45,33,20,15,5,1300,66
2026-04-01,拾光工坊,自然到访,206,52,38,23,17,6,1560,72
2026-04-02,知屿体验,内容社区,196,37,27,16,12,3,1140,69
2026-04-02,知屿体验,搜索投放,174,35,26,16,12,3,1140,165
2026-04-02,知屿体验,体验合伙人,219,47,34,20,15,3,1140,77
2026-04-02,知屿体验,会员推荐,226,51,37,27,21,6,2280,79
2026-04-02,知屿体验,主题活动,262,62,45,27,21,7,2660,92
2026-04-02,知屿体验,自然到访,272,68,50,30,23,8,3040,95
2026-04-02,拾光工坊,内容社区,135,26,19,11,8,2,520,47
2026-04-02,拾光工坊,搜索投放,140,28,20,12,9,2,520,133
2026-04-02,拾光工坊,体验合伙人,149,32,23,14,11,2,520,52
2026-04-02,拾光工坊,会员推荐,203,46,34,24,18,5,1300,71
2026-04-02,拾光工坊,主题活动,175,42,31,19,14,4,1040,61
2026-04-02,拾光工坊,自然到访,218,54,39,23,17,6,1560,76
2026-04-03,知屿体验,内容社区,160,30,22,13,10,3,1140,56
2026-04-03,知屿体验,搜索投放,225,45,33,20,15,4,1520,214
2026-04-03,知屿体验,体验合伙人,239,51,37,22,17,3,1140,84
2026-04-03,知屿体验,会员推荐,271,61,45,32,24,7,2660,95
2026-04-03,知屿体验,主题活动,247,59,43,26,20,6,2280,86
2026-04-03,知屿体验,自然到访,278,70,51,31,24,8,3040,97
2026-04-03,拾光工坊,内容社区,141,27,20,12,9,2,520,49
2026-04-03,拾光工坊,搜索投放,131,26,19,11,8,2,520,124
2026-04-03,拾光工坊,体验合伙人,163,35,26,16,12,2,520,57
2026-04-03,拾光工坊,会员推荐,199,45,33,24,18,5,1300,70
2026-04-03,拾光工坊,主题活动,215,51,37,22,17,5,1300,75
2026-04-03,拾光工坊,自然到访,239,60,44,26,20,7,1820,84
2026-04-04,知屿体验,内容社区,155,29,21,13,10,3,1140,54
2026-04-04,知屿体验,搜索投放,215,43,31,19,14,4,1520,204
2026-04-04,知屿体验,体验合伙人,196,42,31,19,14,3,1140,69
2026-04-04,知屿体验,会员推荐,225,51,37,27,21,6,2280,79
2026-04-04,知屿体验,主题活动,278,66,48,29,22,7,2660,97
2026-04-04,知屿体验,自然到访,300,75,55,33,25,8,3040,105
2026-04-04,拾光工坊,内容社区,113,21,15,9,7,2,520,40
2026-04-04,拾光工坊,搜索投放,158,32,23,14,11,3,780,150
2026-04-04,拾光工坊,体验合伙人,165,35,26,16,12,2,520,58
2026-04-04,拾光工坊,会员推荐,166,38,28,20,15,5,1300,58
2026-04-04,拾光工坊,主题活动,213,51,37,22,17,5,1300,75
2026-04-04,拾光工坊,自然到访,204,51,37,22,17,6,1560,71
2026-04-05,知屿体验,内容社区,192,36,26,16,12,3,1140,67
2026-04-05,知屿体验,搜索投放,178,36,26,16,12,3,1140,169
2026-04-05,知屿体验,体验合伙人,208,45,33,20,15,3,1140,73
2026-04-05,知屿体验,会员推荐,273,62,45,32,24,7,2660,96
2026-04-05,知屿体验,主题活动,310,74,54,32,24,8,3040,108
2026-04-05,知屿体验,自然到访,297,74,54,32,24,8,3040,104
2026-04-05,拾光工坊,内容社区,134,25,18,11,8,2,520,47
2026-04-05,拾光工坊,搜索投放,136,27,20,12,9,2,520,129
2026-04-05,拾光工坊,体验合伙人,153,33,24,14,11,2,520,54
2026-04-05,拾光工坊,会员推荐,183,41,30,22,17,5,1300,64
2026-04-05,拾光工坊,主题活动,202,48,35,21,16,5,1300,71
2026-04-05,拾光工坊,自然到访,209,52,38,23,17,6,1560,73
2026-04-06,知屿体验,内容社区,177,34,25,15,11,3,1140,62
2026-04-06,知屿体验,搜索投放,212,43,31,19,14,4,1520,201
2026-04-06,知屿体验,体验合伙人,201,43,31,19,14,3,1140,70
2026-04-06,知屿体验,会员推荐,254,57,42,30,23,7,2660,89
2026-04-06,知屿体验,主题活动,305,73,53,32,24,8,3040,107
2026-04-06,知屿体验,自然到访,303,76,55,33,25,8,3040,106
2026-04-06,拾光工坊,内容社区,119,23,17,10,8,2,520,42
2026-04-06,拾光工坊,搜索投放,134,27,20,12,9,2,520,127
2026-04-06,拾光工坊,体验合伙人,148,32,23,14,11,2,520,52
2026-04-06,拾光工坊,会员推荐,177,40,29,21,16,5,1300,62
2026-04-06,拾光工坊,主题活动,218,52,38,23,17,5,1300,76
2026-04-06,拾光工坊,自然到访,213,53,39,23,17,6,1560,75
2026-04-07,知屿体验,内容社区,177,34,25,15,11,3,1140,62
2026-04-07,知屿体验,搜索投放,205,41,30,18,14,4,1520,195
2026-04-07,知屿体验,体验合伙人,241,52,38,23,17,3,1140,84
2026-04-07,知屿体验,会员推荐,279,63,46,33,25,8,3040,98
2026-04-07,知屿体验,主题活动,255,61,45,27,21,7,2660,89
2026-04-07,知屿体验,自然到访,263,66,48,29,22,7,2660,92
2026-04-07,拾光工坊,内容社区,125,24,18,11,8,2,520,44
2026-04-07,拾光工坊,搜索投放,165,33,24,14,11,3,780,157
2026-04-07,拾光工坊,体验合伙人,187,40,29,17,13,2,520,65
2026-04-07,拾光工坊,会员推荐,194,44,32,23,17,5,1300,68
2026-04-07,拾光工坊,主题活动,199,47,34,20,15,5,1300,70
2026-04-07,拾光工坊,自然到访,241,60,44,26,20,7,1820,84
2026-04-08,知屿体验,内容社区,178,34,25,15,11,3,1140,62
2026-04-08,知屿体验,搜索投放,196,40,29,17,13,4,1520,186
2026-04-08,知屿体验,体验合伙人,234,50,36,22,17,3,1140,82
2026-04-08,知屿体验,会员推荐,270,61,45,32,24,7,2660,94
2026-04-08,知屿体验,主题活动,307,73,53,32,24,8,3040,107
2026-04-08,知屿体验,自然到访,266,66,48,29,22,7,2660,93
2026-04-08,拾光工坊,内容社区,119,23,17,10,8,2,520,42
2026-04-08,拾光工坊,搜索投放,159,32,23,14,11,3,780,151
2026-04-08,拾光工坊,体验合伙人,159,34,25,15,11,2,520,56
2026-04-08,拾光工坊,会员推荐,168,38,28,20,15,5,1300,59
2026-04-08,拾光工坊,主题活动,183,44,32,19,14,4,1040,64
2026-04-08,拾光工坊,自然到访,224,56,41,25,19,6,1560,78
2026-04-09,知屿体验,内容社区,187,36,26,16,12,3,1140,65
2026-04-09,知屿体验,搜索投放,215,43,31,19,14,4,1520,204
2026-04-09,知屿体验,体验合伙人,204,44,32,19,14,3,1140,71
2026-04-09,知屿体验,会员推荐,238,54,39,28,21,6,2280,83
2026-04-09,知屿体验,主题活动,275,65,47,28,21,7,2660,96
2026-04-09,知屿体验,自然到访,281,70,51,31,24,8,3040,98
2026-04-09,拾光工坊,内容社区,143,27,20,12,9,2,520,50
2026-04-09,拾光工坊,搜索投放,144,29,21,13,10,3,780,137
2026-04-09,拾光工坊,体验合伙人,181,39,28,17,13,2,520,63
2026-04-09,拾光工坊,会员推荐,187,42,31,22,17,5,1300,65
2026-04-09,拾光工坊,主题活动,211,50,36,22,17,5,1300,74
2026-04-09,拾光工坊,自然到访,250,62,45,27,21,7,1820,88
2026-04-10,知屿体验,内容社区,191,36,26,16,12,3,1140,67
2026-04-10,知屿体验,搜索投放,222,45,33,20,15,4,1520,211
2026-04-10,知屿体验,体验合伙人,206,44,32,19,14,3,1140,72
2026-04-10,知屿体验,会员推荐,245,55,40,29,22,7,2660,86
2026-04-10,知屿体验,主题活动,274,65,47,28,21,7,2660,96
2026-04-10,知屿体验,自然到访,337,84,61,37,28,9,3420,118
2026-04-10,拾光工坊,内容社区,139,26,19,11,8,2,520,49
2026-04-10,拾光工坊,搜索投放,134,27,20,12,9,2,520,127
2026-04-10,拾光工坊,体验合伙人,167,36,26,16,12,2,520,58
2026-04-10,拾光工坊,会员推荐,171,39,28,20,15,5,1300,60
2026-04-10,拾光工坊,主题活动,195,46,34,20,15,5,1300,68
2026-04-10,拾光工坊,自然到访,223,56,41,25,19,6,1560,78
2026-04-11,知屿体验,内容社区,160,30,22,13,10,3,1140,56
2026-04-11,知屿体验,搜索投放,210,42,31,19,14,4,1520,200
2026-04-11,知屿体验,体验合伙人,246,53,39,23,17,3,1140,86
2026-04-11,知屿体验,会员推荐,224,51,37,27,21,6,2280,78
2026-04-11,知屿体验,主题活动,277,66,48,29,22,7,2660,97
2026-04-11,知屿体验,自然到访,291,73,53,32,24,8,3040,102
2026-04-11,拾光工坊,内容社区,139,26,19,11,8,2,520,49
2026-04-11,拾光工坊,搜索投放,136,27,20,12,9,2,520,129
2026-04-11,拾光工坊,体验合伙人,190,41,30,18,14,3,780,66
2026-04-11,拾光工坊,会员推荐,207,47,34,24,18,5,1300,72
2026-04-11,拾光工坊,主题活动,188,45,33,20,15,5,1300,66
2026-04-11,拾光工坊,自然到访,205,51,37,22,17,6,1560,72
2026-04-12,知屿体验,内容社区,164,31,23,14,11,3,1140,57
2026-04-12,知屿体验,搜索投放,176,36,26,16,12,3,1140,167
2026-04-12,知屿体验,体验合伙人,227,49,36,22,17,3,1140,79
2026-04-12,知屿体验,会员推荐,255,58,42,30,23,7,2660,89
2026-04-12,知屿体验,主题活动,259,62,45,27,21,7,2660,91
2026-04-12,知屿体验,自然到访,328,82,60,36,27,9,3420,115
2026-04-12,拾光工坊,内容社区,110,21,15,9,7,2,520,38
2026-04-12,拾光工坊,搜索投放,130,26,19,11,8,2,520,124
2026-04-12,拾光工坊,体验合伙人,184,39,28,17,13,2,520,64
2026-04-12,拾光工坊,会员推荐,209,47,34,24,18,5,1300,73
2026-04-12,拾光工坊,主题活动,192,46,34,20,15,5,1300,67
2026-04-12,拾光工坊,自然到访,210,52,38,23,17,6,1560,74
2026-04-13,知屿体验,内容社区,159,30,22,13,10,3,1140,56
2026-04-13,知屿体验,搜索投放,208,42,31,19,14,4,1520,198
2026-04-13,知屿体验,体验合伙人,208,45,33,20,15,3,1140,73
2026-04-13,知屿体验,会员推荐,228,52,38,27,21,6,2280,80
2026-04-13,知屿体验,主题活动,280,67,49,29,22,7,2660,98
2026-04-13,知屿体验,自然到访,303,76,55,33,25,8,3040,106
2026-04-13,拾光工坊,内容社区,113,21,15,9,7,2,520,40
2026-04-13,拾光工坊,搜索投放,151,31,23,14,11,3,780,143
2026-04-13,拾光工坊,体验合伙人,156,33,24,14,11,2,520,55
2026-04-13,拾光工坊,会员推荐,212,48,35,25,19,6,1560,74
2026-04-13,拾光工坊,主题活动,187,45,33,20,15,5,1300,65
2026-04-13,拾光工坊,自然到访,231,58,42,25,19,6,1560,81
2026-04-14,知屿体验,内容社区,188,36,26,16,12,3,1140,66
2026-04-14,知屿体验,搜索投放,217,44,32,19,14,4,1520,206
2026-04-14,知屿体验,体验合伙人,209,45,33,20,15,3,1140,73
2026-04-14,知屿体验,会员推荐,251,57,42,30,23,7,2660,88
2026-04-14,知屿体验,主题活动,307,73,53,32,24,8,3040,107
2026-04-14,知屿体验,自然到访,308,77,56,34,26,9,3420,108
2026-04-14,拾光工坊,内容社区,118,22,16,10,8,2,520,41
2026-04-14,拾光工坊,搜索投放,149,30,22,13,10,3,780,142
2026-04-14,拾光工坊,体验合伙人,188,40,29,17,13,2,520,66
2026-04-14,拾光工坊,会员推荐,191,43,31,22,17,5,1300,67
2026-04-14,拾光工坊,主题活动,218,52,38,23,17,5,1300,76
2026-04-14,拾光工坊,自然到访,203,51,37,22,17,6,1560,71
2026-04-15,知屿体验,内容社区,193,37,27,16,12,3,1140,68
2026-04-15,知屿体验,搜索投放,226,46,34,20,15,4,1520,215
2026-04-15,知屿体验,体验合伙人,205,44,32,19,14,3,1140,72
2026-04-15,知屿体验,会员推荐,243,55,40,29,22,7,2660,85
2026-04-15,知屿体验,主题活动,282,67,49,29,22,7,2660,99
2026-04-15,知屿体验,自然到访,282,70,51,31,24,8,3040,99
2026-04-15,拾光工坊,内容社区,144,27,20,12,9,2,520,50
2026-04-15,拾光工坊,搜索投放,137,28,20,12,9,2,520,130
2026-04-15,拾光工坊,体验合伙人,151,32,23,14,11,2,520,53
2026-04-15,拾光工坊,会员推荐,164,37,27,19,14,4,1040,57
2026-04-15,拾光工坊,主题活动,229,55,40,24,18,6,1560,80
2026-04-15,拾光工坊,自然到访,212,53,39,23,17,6,1560,74
2026-04-16,知屿体验,内容社区,172,33,24,14,11,3,1140,60
2026-04-16,知屿体验,搜索投放,221,45,33,20,15,4,1520,210
2026-04-16,知屿体验,体验合伙人,212,45,33,20,15,3,1140,74
2026-04-16,知屿体验,会员推荐,265,60,44,32,24,7,2660,93
2026-04-16,知屿体验,主题活动,257,61,45,27,21,7,2660,90
2026-04-16,知屿体验,自然到访,351,88,64,38,29,10,3800,123
2026-04-16,拾光工坊,内容社区,130,25,18,11,8,2,520,46
2026-04-16,拾光工坊,搜索投放,149,30,22,13,10,3,780,142
2026-04-16,拾光工坊,体验合伙人,189,40,29,17,13,2,520,66
2026-04-16,拾光工坊,会员推荐,177,40,29,21,16,5,1300,62
2026-04-16,拾光工坊,主题活动,222,53,39,23,17,5,1300,78
2026-04-16,拾光工坊,自然到访,202,50,36,22,17,6,1560,71
2026-04-17,知屿体验,内容社区,183,35,26,16,12,3,1140,64
2026-04-17,知屿体验,搜索投放,178,36,26,16,12,3,1140,169
2026-04-17,知屿体验,体验合伙人,206,44,32,19,14,3,1140,72
2026-04-17,知屿体验,会员推荐,275,62,45,32,24,7,2660,96
2026-04-17,知屿体验,主题活动,274,65,47,28,21,7,2660,96
2026-04-17,知屿体验,自然到访,320,80,58,35,27,9,3420,112
2026-04-17,拾光工坊,内容社区,112,21,15,9,7,2,520,39
2026-04-17,拾光工坊,搜索投放,157,32,23,14,11,3,780,149
2026-04-17,拾光工坊,体验合伙人,149,32,23,14,11,2,520,52
2026-04-17,拾光工坊,会员推荐,194,44,32,23,17,5,1300,68
2026-04-17,拾光工坊,主题活动,182,43,31,19,14,4,1040,64
2026-04-17,拾光工坊,自然到访,220,55,40,24,18,6,1560,77
2026-04-18,知屿体验,内容社区,169,32,23,14,11,3,1140,59
2026-04-18,知屿体验,搜索投放,197,40,29,17,13,4,1520,187
2026-04-18,知屿体验,体验合伙人,228,49,36,22,17,3,1140,80
2026-04-18,知屿体验,会员推荐,248,56,41,30,23,7,2660,87
2026-04-18,知屿体验,主题活动,314,75,55,33,25,8,3040,110
2026-04-18,知屿体验,自然到访,333,83,61,37,28,9,3420,117
2026-04-18,拾光工坊,内容社区,133,25,18,11,8,2,520,47
2026-04-18,拾光工坊,搜索投放,133,27,20,12,9,2,520,126
2026-04-18,拾光工坊,体验合伙人,172,37,27,16,12,2,520,60
2026-04-18,拾光工坊,会员推荐,179,40,29,21,16,5,1300,63
2026-04-18,拾光工坊,主题活动,229,55,40,24,18,6,1560,80
2026-04-18,拾光工坊,自然到访,237,59,43,26,20,7,1820,83
2026-04-19,知屿体验,内容社区,191,36,26,16,12,3,1140,67
2026-04-19,知屿体验,搜索投放,215,43,31,19,14,4,1520,204
2026-04-19,知屿体验,体验合伙人,203,43,31,19,14,3,1140,71
2026-04-19,知屿体验,会员推荐,224,51,37,27,21,6,2280,78
2026-04-19,知屿体验,主题活动,294,70,51,31,24,8,3040,103
2026-04-19,知屿体验,自然到访,313,78,57,34,26,9,3420,110
2026-04-19,拾光工坊,内容社区,140,27,20,12,9,2,520,49
2026-04-19,拾光工坊,搜索投放,130,26,19,11,8,2,520,124
2026-04-19,拾光工坊,体验合伙人,187,40,29,17,13,2,520,65
2026-04-19,拾光工坊,会员推荐,168,38,28,20,15,5,1300,59
2026-04-19,拾光工坊,主题活动,232,55,40,24,18,6,1560,81
2026-04-19,拾光工坊,自然到访,245,61,45,27,21,7,1820,86
2026-04-20,知屿体验,内容社区,202,38,28,17,13,3,1140,71
2026-04-20,知屿体验,搜索投放,220,44,32,19,14,4,1520,209
2026-04-20,知屿体验,体验合伙人,210,45,33,20,15,3,1140,74
2026-04-20,知屿体验,会员推荐,239,54,39,28,21,6,2280,84
2026-04-20,知屿体验,主题活动,320,76,55,33,25,8,3040,112
2026-04-20,知屿体验,自然到访,293,73,53,32,24,8,3040,103
2026-04-20,拾光工坊,内容社区,115,22,16,10,8,2,520,40
2026-04-20,拾光工坊,搜索投放,167,34,25,15,11,3,780,159
2026-04-20,拾光工坊,体验合伙人,185,40,29,17,13,2,520,65
2026-04-20,拾光工坊,会员推荐,175,40,29,21,16,5,1300,61
2026-04-20,拾光工坊,主题活动,209,50,36,22,17,5,1300,73
2026-04-20,拾光工坊,自然到访,256,64,47,28,21,7,1820,90
2026-04-21,知屿体验,内容社区,161,31,23,14,11,3,1140,56
2026-04-21,知屿体验,搜索投放,226,46,34,20,15,4,1520,215
2026-04-21,知屿体验,体验合伙人,250,54,39,23,17,3,1140,88
2026-04-21,知屿体验,会员推荐,276,62,45,32,24,7,2660,97
2026-04-21,知屿体验,主题活动,245,58,42,25,19,6,2280,86
2026-04-21,知屿体验,自然到访,353,88,64,38,29,10,3800,124
2026-04-21,拾光工坊,内容社区,130,25,18,11,8,2,520,46
2026-04-21,拾光工坊,搜索投放,131,26,19,11,8,2,520,124
2026-04-21,拾光工坊,体验合伙人,148,32,23,14,11,2,520,52
2026-04-21,拾光工坊,会员推荐,180,41,30,22,17,5,1300,63
2026-04-21,拾光工坊,主题活动,187,45,33,20,15,5,1300,65
2026-04-21,拾光工坊,自然到访,242,60,44,26,20,7,1820,85
2026-04-22,知屿体验,内容社区,192,36,26,16,12,3,1140,67
2026-04-22,知屿体验,搜索投放,217,44,32,19,14,4,1520,206
2026-04-22,知屿体验,体验合伙人,213,46,34,20,15,3,1140,75
2026-04-22,知屿体验,会员推荐,225,51,37,27,21,6,2280,79
2026-04-22,知屿体验,主题活动,319,76,55,33,25,8,3040,112
2026-04-22,知屿体验,自然到访,302,76,55,33,25,8,3040,106
2026-04-22,拾光工坊,内容社区,147,28,20,12,9,2,520,51
2026-04-22,拾光工坊,搜索投放,133,27,20,12,9,2,520,126
2026-04-22,拾光工坊,体验合伙人,177,38,28,17,13,2,520,62
2026-04-22,拾光工坊,会员推荐,196,44,32,23,17,5,1300,69
2026-04-22,拾光工坊,主题活动,234,56,41,25,19,6,1560,82
2026-04-22,拾光工坊,自然到访,226,56,41,25,19,6,1560,79
2026-04-23,知屿体验,内容社区,195,37,27,16,12,3,1140,68
2026-04-23,知屿体验,搜索投放,179,36,26,16,12,3,1140,170
2026-04-23,知屿体验,体验合伙人,223,48,35,21,16,3,1140,78
2026-04-23,知屿体验,会员推荐,258,58,42,30,23,7,2660,90
2026-04-23,知屿体验,主题活动,295,70,51,31,24,8,3040,103
2026-04-23,知屿体验,自然到访,347,87,64,38,29,10,3800,121
2026-04-23,拾光工坊,内容社区,137,26,19,11,8,2,520,48
2026-04-23,拾光工坊,搜索投放,153,31,23,14,11,3,780,145
2026-04-23,拾光工坊,体验合伙人,161,34,25,15,11,2,520,56
2026-04-23,拾光工坊,会员推荐,204,46,34,24,18,5,1300,71
2026-04-23,拾光工坊,主题活动,186,44,32,19,14,4,1040,65
2026-04-23,拾光工坊,自然到访,255,64,47,28,21,7,1820,89
2026-04-24,知屿体验,内容社区,179,34,25,15,11,3,1140,63
2026-04-24,知屿体验,搜索投放,187,38,28,17,13,4,1520,178
2026-04-24,知屿体验,体验合伙人,247,53,39,23,17,3,1140,86
2026-04-24,知屿体验,会员推荐,292,66,48,35,27,8,3040,102
2026-04-24,知屿体验,主题活动,300,71,52,31,24,8,3040,105
2026-04-24,知屿体验,自然到访,327,82,60,36,27,9,3420,114
2026-04-24,拾光工坊,内容社区,119,23,17,10,8,2,520,42
2026-04-24,拾光工坊,搜索投放,162,33,24,14,11,3,780,154
2026-04-24,拾光工坊,体验合伙人,165,35,26,16,12,2,520,58
2026-04-24,拾光工坊,会员推荐,211,48,35,25,19,6,1560,74
2026-04-24,拾光工坊,主题活动,238,57,42,25,19,6,1560,83
2026-04-24,拾光工坊,自然到访,234,58,42,25,19,6,1560,82
2026-04-25,知屿体验,内容社区,177,34,25,15,11,3,1140,62
2026-04-25,知屿体验,搜索投放,227,46,34,20,15,4,1520,216
2026-04-25,知屿体验,体验合伙人,215,46,34,20,15,3,1140,75
2026-04-25,知屿体验,会员推荐,291,66,48,35,27,8,3040,102
2026-04-25,知屿体验,主题活动,304,72,53,32,24,8,3040,106
2026-04-25,知屿体验,自然到访,342,86,63,38,29,10,3800,120
2026-04-25,拾光工坊,内容社区,125,24,18,11,8,2,520,44
2026-04-25,拾光工坊,搜索投放,145,29,21,13,10,3,780,138
2026-04-25,拾光工坊,体验合伙人,163,35,26,16,12,2,520,57
2026-04-25,拾光工坊,会员推荐,213,48,35,25,19,6,1560,75
2026-04-25,拾光工坊,主题活动,215,51,37,22,17,5,1300,75
2026-04-25,拾光工坊,自然到访,233,58,42,25,19,6,1560,82
2026-04-26,知屿体验,内容社区,188,36,26,16,12,3,1140,66
2026-04-26,知屿体验,搜索投放,188,38,28,17,13,4,1520,179
2026-04-26,知屿体验,体验合伙人,222,48,35,21,16,3,1140,78
2026-04-26,知屿体验,会员推荐,273,62,45,32,24,7,2660,96
2026-04-26,知屿体验,主题活动,248,59,43,26,20,6,2280,87
2026-04-26,知屿体验,自然到访,341,85,62,37,28,9,3420,119
2026-04-26,拾光工坊,内容社区,126,24,18,11,8,2,520,44
2026-04-26,拾光工坊,搜索投放,133,27,20,12,9,2,520,126
2026-04-26,拾光工坊,体验合伙人,154,33,24,14,11,2,520,54
2026-04-26,拾光工坊,会员推荐,174,39,28,20,15,5,1300,61
2026-04-26,拾光工坊,主题活动,232,55,40,24,18,6,1560,81
2026-04-26,拾光工坊,自然到访,231,58,42,25,19,6,1560,81
2026-04-27,知屿体验,内容社区,191,36,26,16,12,3,1140,67
2026-04-27,知屿体验,搜索投放,209,42,31,19,14,4,1520,199
2026-04-27,知屿体验,体验合伙人,240,51,37,22,17,3,1140,84
2026-04-27,知屿体验,会员推荐,280,63,46,33,25,8,3040,98
2026-04-27,知屿体验,主题活动,281,67,49,29,22,7,2660,98
2026-04-27,知屿体验,自然到访,321,80,58,35,27,9,3420,112
2026-04-27,拾光工坊,内容社区,149,28,20,12,9,2,520,52
2026-04-27,拾光工坊,搜索投放,136,27,20,12,9,2,520,129
2026-04-27,拾光工坊,体验合伙人,188,40,29,17,13,2,520,66
2026-04-27,拾光工坊,会员推荐,212,48,35,25,19,6,1560,74
2026-04-27,拾光工坊,主题活动,199,47,34,20,15,5,1300,70
2026-04-27,拾光工坊,自然到访,206,52,38,23,17,6,1560,72
2026-04-28,知屿体验,内容社区,177,34,25,15,11,3,1140,62
2026-04-28,知屿体验,搜索投放,224,45,33,20,15,4,1520,213
2026-04-28,知屿体验,体验合伙人,256,55,40,24,18,3,1140,90
2026-04-28,知屿体验,会员推荐,249,56,41,30,23,7,2660,87
2026-04-28,知屿体验,主题活动,292,69,50,30,23,7,2660,102
2026-04-28,知屿体验,自然到访,354,88,64,38,29,10,3800,124
2026-04-28,拾光工坊,内容社区,134,25,18,11,8,2,520,47
2026-04-28,拾光工坊,搜索投放,140,28,20,12,9,2,520,133
2026-04-28,拾光工坊,体验合伙人,167,36,26,16,12,2,520,58
2026-04-28,拾光工坊,会员推荐,174,39,28,20,15,5,1300,61
2026-04-28,拾光工坊,主题活动,217,52,38,23,17,5,1300,76
2026-04-28,拾光工坊,自然到访,220,55,40,24,18,6,1560,77
2026-04-29,知屿体验,内容社区,183,35,26,16,12,3,1140,64
2026-04-29,知屿体验,搜索投放,216,44,32,19,14,4,1520,205
2026-04-29,知屿体验,体验合伙人,228,49,36,22,17,3,1140,80
2026-04-29,知屿体验,会员推荐,235,53,39,28,21,6,2280,82
2026-04-29,知屿体验,主题活动,310,74,54,32,24,8,3040,108
2026-04-29,知屿体验,自然到访,301,75,55,33,25,8,3040,105
2026-04-29,拾光工坊,内容社区,128,24,18,11,8,2,520,45
2026-04-29,拾光工坊,搜索投放,145,29,21,13,10,3,780,138
2026-04-29,拾光工坊,体验合伙人,173,37,27,16,12,2,520,61
2026-04-29,拾光工坊,会员推荐,194,44,32,23,17,5,1300,68
2026-04-29,拾光工坊,主题活动,219,52,38,23,17,5,1300,77
2026-04-29,拾光工坊,自然到访,235,59,43,26,20,7,1820,82
2026-04-30,知屿体验,内容社区,164,31,23,14,11,3,1140,57
2026-04-30,知屿体验,搜索投放,223,45,33,20,15,4,1520,212
2026-04-30,知屿体验,体验合伙人,239,51,37,22,17,3,1140,84
2026-04-30,知屿体验,会员推荐,287,65,47,34,26,8,3040,100
2026-04-30,知屿体验,主题活动,260,62,45,27,21,7,2660,91
2026-04-30,知屿体验,自然到访,360,90,66,40,30,10,3800,126
2026-04-30,拾光工坊,内容社区,138,26,19,11,8,2,520,48
2026-04-30,拾光工坊,搜索投放,134,27,20,12,9,2,520,127
2026-04-30,拾光工坊,体验合伙人,183,39,28,17,13,2,520,64
2026-04-30,拾光工坊,会员推荐,186,42,31,22,17,5,1300,65
2026-04-30,拾光工坊,主题活动,240,57,42,25,19,6,1560,84
2026-04-30,拾光工坊,自然到访,230,58,42,25,19,6,1560,80
2026-05-01,知屿体验,内容社区,190,36,26,16,12,3,1140,66
2026-05-01,知屿体验,搜索投放,193,39,28,17,13,4,1520,183
2026-05-01,知屿体验,体验合伙人,249,53,39,23,17,3,1140,87
2026-05-01,知屿体验,会员推荐,256,58,42,30,23,7,2660,90
2026-05-01,知屿体验,主题活动,299,71,52,31,24,8,3040,105
2026-05-01,知屿体验,自然到访,345,86,63,38,29,10,3800,121
2026-05-01,拾光工坊,内容社区,119,23,17,10,8,2,520,42
2026-05-01,拾光工坊,搜索投放,149,30,22,13,10,3,780,142
2026-05-01,拾光工坊,体验合伙人,149,32,23,14,11,2,520,52
2026-05-01,拾光工坊,会员推荐,211,48,35,25,19,6,1560,74
2026-05-01,拾光工坊,主题活动,199,47,34,20,15,5,1300,70
2026-05-01,拾光工坊,自然到访,241,60,44,26,20,7,1820,84
2026-05-02,知屿体验,内容社区,193,37,27,16,12,3,1140,68
2026-05-02,知屿体验,搜索投放,221,45,33,20,15,4,1520,210
2026-05-02,知屿体验,体验合伙人,228,49,36,22,17,3,1140,80
2026-05-02,知屿体验,会员推荐,268,61,45,32,24,7,2660,94
2026-05-02,知屿体验,主题活动,277,66,48,29,22,7,2660,97
2026-05-02,知屿体验,自然到访,325,81,59,35,27,9,3420,114
2026-05-02,拾光工坊,内容社区,140,27,20,12,9,2,520,49
2026-05-02,拾光工坊,搜索投放,138,28,20,12,9,2,520,131
2026-05-02,拾光工坊,体验合伙人,171,37,27,16,12,2,520,60
2026-05-02,拾光工坊,会员推荐,176,40,29,21,16,5,1300,62
2026-05-02,拾光工坊,主题活动,184,44,32,19,14,4,1040,64
2026-05-02,拾光工坊,自然到访,211,53,39,23,17,6,1560,74
2026-05-03,知屿体验,内容社区,206,39,28,17,13,3,1140,72
2026-05-03,知屿体验,搜索投放,206,42,31,19,14,4,1520,196
2026-05-03,知屿体验,体验合伙人,235,50,36,22,17,3,1140,82
2026-05-03,知屿体验,会员推荐,251,57,42,30,23,7,2660,88
2026-05-03,知屿体验,主题活动,278,66,48,29,22,7,2660,97
2026-05-03,知屿体验,自然到访,322,80,58,35,27,9,3420,113
2026-05-03,拾光工坊,内容社区,133,25,18,11,8,2,520,47
2026-05-03,拾光工坊,搜索投放,148,30,22,13,10,3,780,141
2026-05-03,拾光工坊,体验合伙人,179,38,28,17,13,2,520,63
2026-05-03,拾光工坊,会员推荐,169,38,28,20,15,5,1300,59
2026-05-03,拾光工坊,主题活动,230,55,40,24,18,6,1560,80
2026-05-03,拾光工坊,自然到访,218,54,39,23,17,6,1560,76
2026-05-04,知屿体验,内容社区,204,39,28,17,13,3,1140,71
2026-05-04,知屿体验,搜索投放,234,47,34,20,15,4,1520,222
2026-05-04,知屿体验,体验合伙人,244,52,38,23,17,3,1140,85
2026-05-04,知屿体验,会员推荐,267,60,44,32,24,7,2660,93
2026-05-04,知屿体验,主题活动,297,71,52,31,24,8,3040,104
2026-05-04,知屿体验,自然到访,294,74,54,32,24,8,3040,103
2026-05-04,拾光工坊,内容社区,146,28,20,12,9,2,520,51
2026-05-04,拾光工坊,搜索投放,157,32,23,14,11,3,780,149
2026-05-04,拾光工坊,体验合伙人,154,33,24,14,11,2,520,54
2026-05-04,拾光工坊,会员推荐,203,46,34,24,18,5,1300,71
2026-05-04,拾光工坊,主题活动,194,46,34,20,15,5,1300,68
2026-05-04,拾光工坊,自然到访,255,64,47,28,21,7,1820,89
2026-05-05,知屿体验,内容社区,159,30,22,13,10,3,1140,56
2026-05-05,知屿体验,搜索投放,195,39,28,17,13,4,1520,185
2026-05-05,知屿体验,体验合伙人,233,50,36,22,17,3,1140,82
2026-05-05,知屿体验,会员推荐,296,67,49,35,27,8,3040,104
2026-05-05,知屿体验,主题活动,322,77,56,34,26,8,3040,113
2026-05-05,知屿体验,自然到访,314,78,57,34,26,9,3420,110
2026-05-05,拾光工坊,内容社区,117,22,16,10,8,2,520,41
2026-05-05,拾光工坊,搜索投放,131,26,19,11,8,2,520,124
2026-05-05,拾光工坊,体验合伙人,183,39,28,17,13,2,520,64
2026-05-05,拾光工坊,会员推荐,213,48,35,25,19,6,1560,75
2026-05-05,拾光工坊,主题活动,239,57,42,25,19,6,1560,84
2026-05-05,拾光工坊,自然到访,232,58,42,25,19,6,1560,81
2026-05-06,知屿体验,内容社区,164,31,23,14,11,3,1140,57
2026-05-06,知屿体验,搜索投放,186,38,28,17,13,4,1520,177
2026-05-06,知屿体验,体验合伙人,264,56,41,25,19,3,1140,92
2026-05-06,知屿体验,会员推荐,288,65,47,34,26,8,3040,101
2026-05-06,知屿体验,主题活动,251,60,44,26,20,6,2280,88
2026-05-06,知屿体验,自然到访,284,71,52,31,24,8,3040,99
2026-05-06,拾光工坊,内容社区,140,27,20,12,9,2,520,49
2026-05-06,拾光工坊,搜索投放,159,32,23,14,11,3,780,151
2026-05-06,拾光工坊,体验合伙人,178,38,28,17,13,2,520,62
2026-05-06,拾光工坊,会员推荐,207,47,34,24,18,5,1300,72
2026-05-06,拾光工坊,主题活动,232,55,40,24,18,6,1560,81
2026-05-06,拾光工坊,自然到访,201,50,36,22,17,6,1560,70
2026-05-07,知屿体验,内容社区,177,34,25,15,11,3,1140,62
2026-05-07,知屿体验,搜索投放,210,42,31,19,14,4,1520,200
2026-05-07,知屿体验,体验合伙人,243,52,38,23,17,3,1140,85
2026-05-07,知屿体验,会员推荐,246,56,41,30,23,7,2660,86
2026-05-07,知屿体验,主题活动,319,76,55,33,25,8,3040,112
2026-05-07,知屿体验,自然到访,316,79,58,35,27,9,3420,111
2026-05-07,拾光工坊,内容社区,128,24,18,11,8,2,520,45
2026-05-07,拾光工坊,搜索投放,155,31,23,14,11,3,780,147
2026-05-07,拾光工坊,体验合伙人,154,33,24,14,11,2,520,54
2026-05-07,拾光工坊,会员推荐,174,39,28,20,15,5,1300,61
2026-05-07,拾光工坊,主题活动,191,45,33,20,15,5,1300,67
2026-05-07,拾光工坊,自然到访,252,63,46,28,21,7,1820,88
2026-05-08,知屿体验,内容社区,166,32,23,14,11,3,1140,58
2026-05-08,知屿体验,搜索投放,230,46,34,20,15,4,1520,218
2026-05-08,知屿体验,体验合伙人,212,45,33,20,15,3,1140,74
2026-05-08,知屿体验,会员推荐,284,64,47,34,26,8,3040,99
2026-05-08,知屿体验,主题活动,315,75,55,33,25,8,3040,110
2026-05-08,知屿体验,自然到访,344,86,63,38,29,10,3800,120
2026-05-08,拾光工坊,内容社区,146,28,20,12,9,2,520,51
2026-05-08,拾光工坊,搜索投放,142,29,21,13,10,3,780,135
2026-05-08,拾光工坊,体验合伙人,170,36,26,16,12,2,520,59
2026-05-08,拾光工坊,会员推荐,198,45,33,24,18,5,1300,69
2026-05-08,拾光工坊,主题活动,243,58,42,25,19,6,1560,85
2026-05-08,拾光工坊,自然到访,265,66,48,29,22,7,1820,93
2026-05-09,知屿体验,内容社区,168,32,23,14,11,3,1140,59
2026-05-09,知屿体验,搜索投放,192,39,28,17,13,4,1520,182
2026-05-09,知屿体验,体验合伙人,253,54,39,23,17,3,1140,89
2026-05-09,知屿体验,会员推荐,250,56,41,30,23,7,2660,88
2026-05-09,知屿体验,主题活动,302,72,53,32,24,8,3040,106
2026-05-09,知屿体验,自然到访,347,87,64,38,29,10,3800,121
2026-05-09,拾光工坊,内容社区,124,24,18,11,8,2,520,43
2026-05-09,拾光工坊,搜索投放,147,30,22,13,10,3,780,140
2026-05-09,拾光工坊,体验合伙人,187,40,29,17,13,2,520,65
2026-05-09,拾光工坊,会员推荐,177,40,29,21,16,5,1300,62
2026-05-09,拾光工坊,主题活动,226,54,39,23,17,5,1300,79
2026-05-09,拾光工坊,自然到访,257,64,47,28,21,7,1820,90
2026-05-10,知屿体验,内容社区,174,33,24,14,11,3,1140,61
2026-05-10,知屿体验,搜索投放,199,40,29,17,13,4,1520,189
2026-05-10,知屿体验,体验合伙人,235,50,36,22,17,3,1140,82
2026-05-10,知屿体验,会员推荐,284,64,47,34,26,8,3040,99
2026-05-10,知屿体验,主题活动,310,74,54,32,24,8,3040,108
2026-05-10,知屿体验,自然到访,305,76,55,33,25,8,3040,107
2026-05-10,拾光工坊,内容社区,118,22,16,10,8,2,520,41
2026-05-10,拾光工坊,搜索投放,146,29,21,13,10,3,780,139
2026-05-10,拾光工坊,体验合伙人,154,33,24,14,11,2,520,54
2026-05-10,拾光工坊,会员推荐,178,40,29,21,16,5,1300,62
2026-05-10,拾光工坊,主题活动,222,53,39,23,17,5,1300,78
2026-05-10,拾光工坊,自然到访,259,65,47,28,21,7,1820,91
2026-05-11,知屿体验,内容社区,176,33,24,14,11,3,1140,62
2026-05-11,知屿体验,搜索投放,200,40,29,17,13,4,1520,190
2026-05-11,知屿体验,体验合伙人,264,56,41,25,19,3,1140,92
2026-05-11,知屿体验,会员推荐,248,56,41,30,23,7,2660,87
2026-05-11,知屿体验,主题活动,329,78,57,34,26,8,3040,115
2026-05-11,知屿体验,自然到访,340,85,62,37,28,9,3420,119
2026-05-11,拾光工坊,内容社区,115,22,16,10,8,2,520,40
2026-05-11,拾光工坊,搜索投放,159,32,23,14,11,3,780,151
2026-05-11,拾光工坊,体验合伙人,185,40,29,17,13,2,520,65
2026-05-11,拾光工坊,会员推荐,216,49,36,26,20,6,1560,76
2026-05-11,拾光工坊,主题活动,188,45,33,20,15,5,1300,66
2026-05-11,拾光工坊,自然到访,255,64,47,28,21,7,1820,89
2026-05-12,知屿体验,内容社区,190,36,26,16,12,3,1140,66
2026-05-12,知屿体验,搜索投放,196,40,29,17,13,4,1520,186
2026-05-12,知屿体验,体验合伙人,227,49,36,22,17,3,1140,79
2026-05-12,知屿体验,会员推荐,278,63,46,33,25,8,3040,97
2026-05-12,知屿体验,主题活动,266,63,46,28,21,7,2660,93
2026-05-12,知屿体验,自然到访,334,84,61,37,28,9,3420,117
2026-05-12,拾光工坊,内容社区,149,28,20,12,9,2,520,52
2026-05-12,拾光工坊,搜索投放,171,35,26,16,12,3,780,162
2026-05-12,拾光工坊,体验合伙人,156,33,24,14,11,2,520,55
2026-05-12,拾光工坊,会员推荐,186,42,31,22,17,5,1300,65
2026-05-12,拾光工坊,主题活动,202,48,35,21,16,5,1300,71
2026-05-12,拾光工坊,自然到访,214,54,39,23,17,6,1560,75
2026-05-13,知屿体验,内容社区,208,40,29,17,13,3,1140,73
2026-05-13,知屿体验,搜索投放,221,45,33,20,15,4,1520,210
2026-05-13,知屿体验,体验合伙人,241,52,38,23,17,3,1140,84
2026-05-13,知屿体验,会员推荐,243,55,40,29,22,7,2660,85
2026-05-13,知屿体验,主题活动,285,68,50,30,23,7,2660,100
2026-05-13,知屿体验,自然到访,362,90,66,40,30,10,3800,127
2026-05-13,拾光工坊,内容社区,138,26,19,11,8,2,520,48
2026-05-13,拾光工坊,搜索投放,142,29,21,13,10,3,780,135
2026-05-13,拾光工坊,体验合伙人,197,42,31,19,14,3,780,69
2026-05-13,拾光工坊,会员推荐,176,40,29,21,16,5,1300,62
2026-05-13,拾光工坊,主题活动,196,47,34,20,15,5,1300,69
2026-05-13,拾光工坊,自然到访,250,62,45,27,21,7,1820,88
2026-05-14,知屿体验,内容社区,182,35,26,16,12,3,1140,64
2026-05-14,知屿体验,搜索投放,194,39,28,17,13,4,1520,184
2026-05-14,知屿体验,体验合伙人,245,52,38,23,17,3,1140,86
2026-05-14,知屿体验,会员推荐,246,56,41,30,23,7,2660,86
2026-05-14,知屿体验,主题活动,269,64,47,28,21,7,2660,94
2026-05-14,知屿体验,自然到访,338,84,61,37,28,9,3420,118
2026-05-14,拾光工坊,内容社区,151,29,21,13,10,3,780,53
2026-05-14,拾光工坊,搜索投放,156,32,23,14,11,3,780,148
2026-05-14,拾光工坊,体验合伙人,191,41,30,18,14,3,780,67
2026-05-14,拾光工坊,会员推荐,182,41,30,22,17,5,1300,64
2026-05-14,拾光工坊,主题活动,185,44,32,19,14,4,1040,65
2026-05-14,拾光工坊,自然到访,257,64,47,28,21,7,1820,90
2026-05-15,知屿体验,内容社区,203,39,28,17,13,3,1140,71
2026-05-15,知屿体验,搜索投放,224,45,33,20,15,4,1520,213
2026-05-15,知屿体验,体验合伙人,236,51,37,22,17,3,1140,83
2026-05-15,知屿体验,会员推荐,282,64,47,34,26,8,3040,99
2026-05-15,知屿体验,主题活动,262,62,45,27,21,7,2660,92
2026-05-15,知屿体验,自然到访,334,84,61,37,28,9,3420,117
2026-05-15,拾光工坊,内容社区,143,27,20,12,9,2,520,50
2026-05-15,拾光工坊,搜索投放,150,30,22,13,10,3,780,142
2026-05-15,拾光工坊,体验合伙人,193,41,30,18,14,3,780,68
2026-05-15,拾光工坊,会员推荐,168,38,28,20,15,5,1300,59
2026-05-15,拾光工坊,主题活动,209,50,36,22,17,5,1300,73
2026-05-15,拾光工坊,自然到访,209,52,38,23,17,6,1560,73
2026-05-16,知屿体验,内容社区,169,32,23,14,11,3,1140,59
2026-05-16,知屿体验,搜索投放,226,46,34,20,15,4,1520,215
2026-05-16,知屿体验,体验合伙人,229,49,36,22,17,3,1140,80
2026-05-16,知屿体验,会员推荐,298,67,49,35,27,8,3040,104
2026-05-16,知屿体验,主题活动,259,62,45,27,21,7,2660,91
2026-05-16,知屿体验,自然到访,285,71,52,31,24,8,3040,100
2026-05-16,拾光工坊,内容社区,147,28,20,12,9,2,520,51
2026-05-16,拾光工坊,搜索投放,134,27,20,12,9,2,520,127
2026-05-16,拾光工坊,体验合伙人,161,34,25,15,11,2,520,56
2026-05-16,拾光工坊,会员推荐,197,45,33,24,18,5,1300,69
2026-05-16,拾光工坊,主题活动,239,57,42,25,19,6,1560,84
2026-05-16,拾光工坊,自然到访,253,63,46,28,21,7,1820,89
2026-05-17,知屿体验,内容社区,198,38,28,17,13,3,1140,69
2026-05-17,知屿体验,搜索投放,239,48,35,21,16,4,1520,227
2026-05-17,知屿体验,体验合伙人,242,52,38,23,17,3,1140,85
2026-05-17,知屿体验,会员推荐,266,60,44,32,24,7,2660,93
2026-05-17,知屿体验,主题活动,330,79,58,35,27,9,3420,115
2026-05-17,知屿体验,自然到访,351,88,64,38,29,10,3800,123
2026-05-17,拾光工坊,内容社区,127,24,18,11,8,2,520,44
2026-05-17,拾光工坊,搜索投放,170,34,25,15,11,3,780,162
2026-05-17,拾光工坊,体验合伙人,163,35,26,16,12,2,520,57
2026-05-17,拾光工坊,会员推荐,193,44,32,23,17,5,1300,68
2026-05-17,拾光工坊,主题活动,240,57,42,25,19,6,1560,84
2026-05-17,拾光工坊,自然到访,224,56,41,25,19,6,1560,78
2026-05-18,知屿体验,内容社区,164,31,23,14,11,3,1140,57
2026-05-18,知屿体验,搜索投放,224,45,33,20,15,4,1520,213
2026-05-18,知屿体验,体验合伙人,220,47,34,20,15,3,1140,77
2026-05-18,知屿体验,会员推荐,240,54,39,28,21,6,2280,84
2026-05-18,知屿体验,主题活动,255,61,45,27,21,7,2660,89
2026-05-18,知屿体验,自然到访,326,82,60,36,27,9,3420,114
2026-05-18,拾光工坊,内容社区,128,24,18,11,8,2,520,45
2026-05-18,拾光工坊,搜索投放,164,33,24,14,11,3,780,156
2026-05-18,拾光工坊,体验合伙人,166,36,26,16,12,2,520,58
2026-05-18,拾光工坊,会员推荐,190,43,31,22,17,5,1300,66
2026-05-18,拾光工坊,主题活动,236,56,41,25,19,6,1560,83
2026-05-18,拾光工坊,自然到访,215,54,39,23,17,6,1560,75
2026-05-19,知屿体验,内容社区,195,37,27,16,12,3,1140,68
2026-05-19,知屿体验,搜索投放,219,44,32,19,14,4,1520,208
2026-05-19,知屿体验,体验合伙人,242,52,38,23,17,3,1140,85
2026-05-19,知屿体验,会员推荐,259,59,43,31,24,7,2660,91
2026-05-19,知屿体验,主题活动,277,66,48,29,22,7,2660,97
2026-05-19,知屿体验,自然到访,303,76,55,33,25,8,3040,106
2026-05-19,拾光工坊,内容社区,141,27,20,12,9,2,520,49
2026-05-19,拾光工坊,搜索投放,138,28,20,12,9,2,520,131
2026-05-19,拾光工坊,体验合伙人,196,42,31,19,14,3,780,69
2026-05-19,拾光工坊,会员推荐,199,45,33,24,18,5,1300,70
2026-05-19,拾光工坊,主题活动,201,48,35,21,16,5,1300,70
2026-05-19,拾光工坊,自然到访,208,52,38,23,17,6,1560,73
2026-05-20,知屿体验,内容社区,198,38,28,17,13,3,1140,69
2026-05-20,知屿体验,搜索投放,195,39,28,17,13,4,1520,185
2026-05-20,知屿体验,体验合伙人,264,56,41,25,19,3,1140,92
2026-05-20,知屿体验,会员推荐,295,67,49,35,27,8,3040,103
2026-05-20,知屿体验,主题活动,319,76,55,33,25,8,3040,112
2026-05-20,知屿体验,自然到访,315,79,58,35,27,9,3420,110
2026-05-20,拾光工坊,内容社区,122,23,17,10,8,2,520,43
2026-05-20,拾光工坊,搜索投放,166,34,25,15,11,3,780,158
2026-05-20,拾光工坊,体验合伙人,193,41,30,18,14,3,780,68
2026-05-20,拾光工坊,会员推荐,189,43,31,22,17,5,1300,66
2026-05-20,拾光工坊,主题活动,205,49,36,22,17,5,1300,72
2026-05-20,拾光工坊,自然到访,241,60,44,26,20,7,1820,84
2026-05-21,知屿体验,内容社区,195,37,27,16,12,3,1140,68
2026-05-21,知屿体验,搜索投放,241,49,36,22,17,5,1900,229
2026-05-21,知屿体验,体验合伙人,224,48,35,21,16,3,1140,78
2026-05-21,知屿体验,会员推荐,247,56,41,30,23,7,2660,86
2026-05-21,知屿体验,主题活动,284,68,50,30,23,7,2660,99
2026-05-21,知屿体验,自然到访,296,74,54,32,24,8,3040,104
2026-05-21,拾光工坊,内容社区,119,23,17,10,8,2,520,42
2026-05-21,拾光工坊,搜索投放,156,32,23,14,11,3,780,148
2026-05-21,拾光工坊,体验合伙人,157,34,25,15,11,2,520,55
2026-05-21,拾光工坊,会员推荐,170,38,28,20,15,5,1300,59
2026-05-21,拾光工坊,主题活动,195,46,34,20,15,5,1300,68
2026-05-21,拾光工坊,自然到访,247,62,45,27,21,7,1820,86
2026-05-22,知屿体验,内容社区,186,35,26,16,12,3,1140,65
2026-05-22,知屿体验,搜索投放,221,45,33,20,15,4,1520,210
2026-05-22,知屿体验,体验合伙人,223,48,35,21,16,3,1140,78
2026-05-22,知屿体验,会员推荐,269,61,45,32,24,7,2660,94
2026-05-22,知屿体验,主题活动,312,74,54,32,24,8,3040,109
2026-05-22,知屿体验,自然到访,332,83,61,37,28,9,3420,116
2026-05-22,拾光工坊,内容社区,135,26,19,11,8,2,520,47
2026-05-22,拾光工坊,搜索投放,145,29,21,13,10,3,780,138
2026-05-22,拾光工坊,体验合伙人,163,35,26,16,12,2,520,57
2026-05-22,拾光工坊,会员推荐,182,41,30,22,17,5,1300,64
2026-05-22,拾光工坊,主题活动,232,55,40,24,18,6,1560,81
2026-05-22,拾光工坊,自然到访,212,53,39,23,17,6,1560,74
2026-05-23,知屿体验,内容社区,191,36,26,16,12,3,1140,67
2026-05-23,知屿体验,搜索投放,201,41,30,18,14,4,1520,191
2026-05-23,知屿体验,体验合伙人,235,50,36,22,17,3,1140,82
2026-05-23,知屿体验,会员推荐,260,59,43,31,24,7,2660,91
2026-05-23,知屿体验,主题活动,285,68,50,30,23,7,2660,100
2026-05-23,知屿体验,自然到访,322,80,58,35,27,9,3420,113
2026-05-23,拾光工坊,内容社区,148,28,20,12,9,2,520,52
2026-05-23,拾光工坊,搜索投放,174,35,26,16,12,3,780,165
2026-05-23,拾光工坊,体验合伙人,189,40,29,17,13,2,520,66
2026-05-23,拾光工坊,会员推荐,171,39,28,20,15,5,1300,60
2026-05-23,拾光工坊,主题活动,194,46,34,20,15,5,1300,68
2026-05-23,拾光工坊,自然到访,228,57,42,25,19,6,1560,80
2026-05-24,知屿体验,内容社区,175,33,24,14,11,3,1140,61
2026-05-24,知屿体验,搜索投放,195,39,28,17,13,4,1520,185
2026-05-24,知屿体验,体验合伙人,233,50,36,22,17,3,1140,82
2026-05-24,知屿体验,会员推荐,264,60,44,32,24,7,2660,92
2026-05-24,知屿体验,主题活动,298,71,52,31,24,8,3040,104
2026-05-24,知屿体验,自然到访,356,89,65,39,30,10,3800,125
2026-05-24,拾光工坊,内容社区,119,23,17,10,8,2,520,42
2026-05-24,拾光工坊,搜索投放,178,36,26,16,12,3,780,169
2026-05-24,拾光工坊,体验合伙人,155,33,24,14,11,2,520,54
2026-05-24,拾光工坊,会员推荐,174,39,28,20,15,5,1300,61
2026-05-24,拾光工坊,主题活动,214,51,37,22,17,5,1300,75
2026-05-24,拾光工坊,自然到访,248,62,45,27,21,7,1820,87
2026-05-25,知屿体验,内容社区,188,36,26,16,12,3,1140,66
2026-05-25,知屿体验,搜索投放,191,39,28,17,13,4,1520,181
2026-05-25,知屿体验,体验合伙人,268,57,42,25,19,3,1140,94
2026-05-25,知屿体验,会员推荐,293,66,48,35,27,8,3040,103
2026-05-25,知屿体验,主题活动,325,77,56,34,26,8,3040,114
2026-05-25,知屿体验,自然到访,370,92,67,40,30,10,3800,130
2026-05-25,拾光工坊,内容社区,118,22,16,10,8,2,520,41
2026-05-25,拾光工坊,搜索投放,160,32,23,14,11,3,780,152
2026-05-25,拾光工坊,体验合伙人,173,37,27,16,12,2,520,61
2026-05-25,拾光工坊,会员推荐,183,41,30,22,17,5,1300,64
2026-05-25,拾光工坊,主题活动,243,58,42,25,19,6,1560,85
2026-05-25,拾光工坊,自然到访,256,64,47,28,21,7,1820,90
2026-05-26,知屿体验,内容社区,187,36,26,16,12,3,1140,65
2026-05-26,知屿体验,搜索投放,192,39,28,17,13,4,1520,182
2026-05-26,知屿体验,体验合伙人,265,57,42,25,19,3,1140,93
2026-05-26,知屿体验,会员推荐,290,66,48,35,27,8,3040,102
2026-05-26,知屿体验,主题活动,264,63,46,28,21,7,2660,92
2026-05-26,知屿体验,自然到访,363,91,66,40,30,10,3800,127
2026-05-26,拾光工坊,内容社区,127,24,18,11,8,2,520,44
2026-05-26,拾光工坊,搜索投放,158,32,23,14,11,3,780,150
2026-05-26,拾光工坊,体验合伙人,153,33,24,14,11,2,520,54
2026-05-26,拾光工坊,会员推荐,202,46,34,24,18,5,1300,71
2026-05-26,拾光工坊,主题活动,205,49,36,22,17,5,1300,72
2026-05-26,拾光工坊,自然到访,207,52,38,23,17,6,1560,72
2026-05-27,知屿体验,内容社区,205,39,28,17,13,3,1140,72
2026-05-27,知屿体验,搜索投放,218,44,32,19,14,4,1520,207
2026-05-27,知屿体验,体验合伙人,253,54,39,23,17,3,1140,89
2026-05-27,知屿体验,会员推荐,241,54,39,28,21,6,2280,84
2026-05-27,知屿体验,主题活动,338,80,58,35,27,9,3420,118
2026-05-27,知屿体验,自然到访,367,92,67,40,30,10,3800,128
2026-05-27,拾光工坊,内容社区,147,28,20,12,9,2,520,51
2026-05-27,拾光工坊,搜索投放,153,31,23,14,11,3,780,145
2026-05-27,拾光工坊,体验合伙人,173,37,27,16,12,2,520,61
2026-05-27,拾光工坊,会员推荐,196,44,32,23,17,5,1300,69
2026-05-27,拾光工坊,主题活动,191,45,33,20,15,5,1300,67
2026-05-27,拾光工坊,自然到访,236,59,43,26,20,7,1820,83
2026-05-28,知屿体验,内容社区,175,33,24,14,11,3,1140,61
2026-05-28,知屿体验,搜索投放,245,49,36,22,17,5,1900,233
2026-05-28,知屿体验,体验合伙人,261,56,41,25,19,3,1140,91
2026-05-28,知屿体验,会员推荐,248,56,41,30,23,7,2660,87
2026-05-28,知屿体验,主题活动,267,64,47,28,21,7,2660,93
2026-05-28,知屿体验,自然到访,374,94,69,41,31,10,3800,131
2026-05-28,拾光工坊,内容社区,149,28,20,12,9,2,520,52
2026-05-28,拾光工坊,搜索投放,161,33,24,14,11,3,780,153
2026-05-28,拾光工坊,体验合伙人,177,38,28,17,13,2,520,62
2026-05-28,拾光工坊,会员推荐,190,43,31,22,17,5,1300,66
2026-05-28,拾光工坊,主题活动,203,48,35,21,16,5,1300,71
2026-05-28,拾光工坊,自然到访,230,58,42,25,19,6,1560,80
2026-05-29,知屿体验,内容社区,206,39,28,17,13,3,1140,72
2026-05-29,知屿体验,搜索投放,221,45,33,20,15,4,1520,210
2026-05-29,知屿体验,体验合伙人,250,54,39,23,17,3,1140,88
2026-05-29,知屿体验,会员推荐,250,56,41,30,23,7,2660,88
2026-05-29,知屿体验,主题活动,316,75,55,33,25,8,3040,111
2026-05-29,知屿体验,自然到访,371,93,68,41,31,10,3800,130
2026-05-29,拾光工坊,内容社区,132,25,18,11,8,2,520,46
2026-05-29,拾光工坊,搜索投放,148,30,22,13,10,3,780,141
2026-05-29,拾光工坊,体验合伙人,168,36,26,16,12,2,520,59
2026-05-29,拾光工坊,会员推荐,205,46,34,24,18,5,1300,72
2026-05-29,拾光工坊,主题活动,213,51,37,22,17,5,1300,75
2026-05-29,拾光工坊,自然到访,233,58,42,25,19,6,1560,82
2026-05-30,知屿体验,内容社区,162,31,23,14,11,3,1140,57
2026-05-30,知屿体验,搜索投放,218,44,32,19,14,4,1520,207
2026-05-30,知屿体验,体验合伙人,278,59,43,26,20,4,1520,97
2026-05-30,知屿体验,会员推荐,243,55,40,29,22,7,2660,85
2026-05-30,知屿体验,主题活动,328,78,57,34,26,8,3040,115
2026-05-30,知屿体验,自然到访,326,82,60,36,27,9,3420,114
2026-05-30,拾光工坊,内容社区,143,27,20,12,9,2,520,50
2026-05-30,拾光工坊,搜索投放,178,36,26,16,12,3,780,169
2026-05-30,拾光工坊,体验合伙人,198,42,31,19,14,3,780,69
2026-05-30,拾光工坊,会员推荐,195,44,32,23,17,5,1300,68
2026-05-30,拾光工坊,主题活动,202,48,35,21,16,5,1300,71
2026-05-30,拾光工坊,自然到访,232,58,42,25,19,6,1560,81
2026-05-31,知屿体验,内容社区,167,32,23,14,11,3,1140,58
2026-05-31,知屿体验,搜索投放,213,43,31,19,14,4,1520,202
2026-05-31,知屿体验,体验合伙人,232,50,36,22,17,3,1140,81
2026-05-31,知屿体验,会员推荐,244,55,40,29,22,7,2660,85
2026-05-31,知屿体验,主题活动,328,78,57,34,26,8,3040,115
2026-05-31,知屿体验,自然到访,373,93,68,41,31,10,3800,131
2026-05-31,拾光工坊,内容社区,157,30,22,13,10,3,780,55
2026-05-31,拾光工坊,搜索投放,159,32,23,14,11,3,780,151
2026-05-31,拾光工坊,体验合伙人,173,37,27,16,12,2,520,61
2026-05-31,拾光工坊,会员推荐,179,40,29,21,16,5,1300,63
2026-05-31,拾光工坊,主题活动,228,54,39,23,17,5,1300,80
2026-05-31,拾光工坊,自然到访,255,64,47,28,21,7,1820,89
2026-06-01,知屿体验,内容社区,195,37,27,16,12,3,1140,68
2026-06-01,知屿体验,搜索投放,213,43,31,19,14,4,1520,202
2026-06-01,知屿体验,体验合伙人,216,46,34,20,15,3,1140,76
2026-06-01,知屿体验,会员推荐,285,64,47,34,26,8,3040,100
2026-06-01,知屿体验,主题活动,267,64,47,28,21,7,2660,93
2026-06-01,知屿体验,自然到访,328,82,60,36,27,9,3420,115
2026-06-01,拾光工坊,内容社区,151,29,21,13,10,3,780,53
2026-06-01,拾光工坊,搜索投放,163,33,24,14,11,3,780,155
2026-06-01,拾光工坊,体验合伙人,199,43,31,19,14,3,780,70
2026-06-01,拾光工坊,会员推荐,175,40,29,21,16,5,1300,61
2026-06-01,拾光工坊,主题活动,216,51,37,22,17,5,1300,76
2026-06-01,拾光工坊,自然到访,211,53,39,23,17,6,1560,74
2026-06-02,知屿体验,内容社区,191,36,26,16,12,3,1140,67
2026-06-02,知屿体验,搜索投放,225,45,33,20,15,4,1520,214
2026-06-02,知屿体验,体验合伙人,228,49,36,22,17,3,1140,80
2026-06-02,知屿体验,会员推荐,270,61,45,32,24,7,2660,94
2026-06-02,知屿体验,主题活动,289,69,50,30,23,7,2660,101
2026-06-02,知屿体验,自然到访,376,94,69,41,31,10,3800,132
2026-06-02,拾光工坊,内容社区,124,24,18,11,8,2,520,43
2026-06-02,拾光工坊,搜索投放,171,35,26,16,12,3,780,162
2026-06-02,拾光工坊,体验合伙人,192,41,30,18,14,3,780,67
2026-06-02,拾光工坊,会员推荐,209,47,34,24,18,5,1300,73
2026-06-02,拾光工坊,主题活动,227,54,39,23,17,5,1300,79
2026-06-02,拾光工坊,自然到访,235,59,43,26,20,7,1820,82
2026-06-03,知屿体验,内容社区,171,32,23,14,11,3,1140,60
2026-06-03,知屿体验,搜索投放,192,39,28,17,13,4,1520,182
2026-06-03,知屿体验,体验合伙人,226,48,35,21,16,3,1140,79
2026-06-03,知屿体验,会员推荐,244,55,40,29,22,7,2660,85
2026-06-03,知屿体验,主题活动,299,71,52,31,24,8,3040,105
2026-06-03,知屿体验,自然到访,320,80,58,35,27,9,3420,112
2026-06-03,拾光工坊,内容社区,131,25,18,11,8,2,520,46
2026-06-03,拾光工坊,搜索投放,163,33,24,14,11,3,780,155
2026-06-03,拾光工坊,体验合伙人,186,40,29,17,13,2,520,65
2026-06-03,拾光工坊,会员推荐,186,42,31,22,17,5,1300,65
2026-06-03,拾光工坊,主题活动,222,53,39,23,17,5,1300,78
2026-06-03,拾光工坊,自然到访,255,64,47,28,21,7,1820,89
2026-06-04,知屿体验,内容社区,206,39,28,17,13,3,1140,72
2026-06-04,知屿体验,搜索投放,248,50,36,22,17,5,1900,236
2026-06-04,知屿体验,体验合伙人,239,51,37,22,17,3,1140,84
2026-06-04,知屿体验,会员推荐,283,64,47,34,26,8,3040,99
2026-06-04,知屿体验,主题活动,291,69,50,30,23,7,2660,102
2026-06-04,知屿体验,自然到访,340,85,62,37,28,9,3420,119
2026-06-04,拾光工坊,内容社区,154,29,21,13,10,3,780,54
2026-06-04,拾光工坊,搜索投放,163,33,24,14,11,3,780,155
2026-06-04,拾光工坊,体验合伙人,164,35,26,16,12,2,520,57
2026-06-04,拾光工坊,会员推荐,208,47,34,24,18,5,1300,73
2026-06-04,拾光工坊,主题活动,223,53,39,23,17,5,1300,78
2026-06-04,拾光工坊,自然到访,246,62,45,27,21,7,1820,86
2026-06-05,知屿体验,内容社区,208,40,29,17,13,3,1140,73
2026-06-05,知屿体验,搜索投放,239,48,35,21,16,4,1520,227
2026-06-05,知屿体验,体验合伙人,260,56,41,25,19,3,1140,91
2026-06-05,知屿体验,会员推荐,302,68,50,36,27,8,3040,106
2026-06-05,知屿体验,主题活动,290,69,50,30,23,7,2660,102
2026-06-05,知屿体验,自然到访,319,80,58,35,27,9,3420,112
2026-06-05,拾光工坊,内容社区,133,25,18,11,8,2,520,47
2026-06-05,拾光工坊,搜索投放,159,32,23,14,11,3,780,151
2026-06-05,拾光工坊,体验合伙人,176,38,28,17,13,2,520,62
2026-06-05,拾光工坊,会员推荐,212,48,35,25,19,6,1560,74
2026-06-05,拾光工坊,主题活动,217,52,38,23,17,5,1300,76
2026-06-05,拾光工坊,自然到访,226,56,41,25,19,6,1560,79
2026-06-06,知屿体验,内容社区,181,34,25,15,11,3,1140,63
2026-06-06,知屿体验,搜索投放,216,44,32,19,14,4,1520,205
2026-06-06,知屿体验,体验合伙人,253,54,39,23,17,3,1140,89
2026-06-06,知屿体验,会员推荐,297,67,49,35,27,8,3040,104
2026-06-06,知屿体验,主题活动,320,76,55,33,25,8,3040,112
2026-06-06,知屿体验,自然到访,361,90,66,40,30,10,3800,126
2026-06-06,拾光工坊,内容社区,155,29,21,13,10,3,780,54
2026-06-06,拾光工坊,搜索投放,145,29,21,13,10,3,780,138
2026-06-06,拾光工坊,体验合伙人,179,38,28,17,13,2,520,63
2026-06-06,拾光工坊,会员推荐,219,49,36,26,20,6,1560,77
2026-06-06,拾光工坊,主题活动,205,49,36,22,17,5,1300,72
2026-06-06,拾光工坊,自然到访,216,54,39,23,17,6,1560,76
2026-06-07,知屿体验,内容社区,201,38,28,17,13,3,1140,70
2026-06-07,知屿体验,搜索投放,224,45,33,20,15,4,1520,213
2026-06-07,知屿体验,体验合伙人,237,51,37,22,17,3,1140,83
2026-06-07,知屿体验,会员推荐,277,63,46,33,25,8,3040,97
2026-06-07,知屿体验,主题活动,290,69,50,30,23,7,2660,102
2026-06-07,知屿体验,自然到访,362,90,66,40,30,10,3800,127
2026-06-07,拾光工坊,内容社区,129,25,18,11,8,2,520,45
2026-06-07,拾光工坊,搜索投放,151,31,23,14,11,3,780,143
2026-06-07,拾光工坊,体验合伙人,171,37,27,16,12,2,520,60
2026-06-07,拾光工坊,会员推荐,217,49,36,26,20,6,1560,76
2026-06-07,拾光工坊,主题活动,239,57,42,25,19,6,1560,84
2026-06-07,拾光工坊,自然到访,244,61,45,27,21,7,1820,85
2026-06-08,知屿体验,内容社区,216,41,30,18,14,4,1520,76
2026-06-08,知屿体验,搜索投放,201,41,30,18,14,4,1520,191
2026-06-08,知屿体验,体验合伙人,251,54,39,23,17,3,1140,88
2026-06-08,知屿体验,会员推荐,253,57,42,30,23,7,2660,89
2026-06-08,知屿体验,主题活动,320,76,55,33,25,8,3040,112
2026-06-08,知屿体验,自然到访,353,88,64,38,29,10,3800,124
2026-06-08,拾光工坊,内容社区,141,27,20,12,9,2,520,49
2026-06-08,拾光工坊,搜索投放,138,28,20,12,9,2,520,131
2026-06-08,拾光工坊,体验合伙人,174,37,27,16,12,2,520,61
2026-06-08,拾光工坊,会员推荐,180,41,30,22,17,5,1300,63
2026-06-08,拾光工坊,主题活动,253,60,44,26,20,6,1560,89
2026-06-08,拾光工坊,自然到访,243,61,45,27,21,7,1820,85
2026-06-09,知屿体验,内容社区,169,32,23,14,11,3,1140,59
2026-06-09,知屿体验,搜索投放,217,44,32,19,14,4,1520,206
2026-06-09,知屿体验,体验合伙人,250,54,39,23,17,3,1140,88
2026-06-09,知屿体验,会员推荐,245,55,40,29,22,7,2660,86
2026-06-09,知屿体验,主题活动,315,75,55,33,25,8,3040,110
2026-06-09,知屿体验,自然到访,308,77,56,34,26,9,3420,108
2026-06-09,拾光工坊,内容社区,132,25,18,11,8,2,520,46
2026-06-09,拾光工坊,搜索投放,151,31,23,14,11,3,780,143
2026-06-09,拾光工坊,体验合伙人,191,41,30,18,14,3,780,67
2026-06-09,拾光工坊,会员推荐,216,49,36,26,20,6,1560,76
2026-06-09,拾光工坊,主题活动,250,60,44,26,20,6,1560,88
2026-06-09,拾光工坊,自然到访,259,65,47,28,21,7,1820,91
2026-06-10,知屿体验,内容社区,199,38,28,17,13,3,1140,70
2026-06-10,知屿体验,搜索投放,216,44,32,19,14,4,1520,205
2026-06-10,知屿体验,体验合伙人,269,58,42,25,19,3,1140,94
2026-06-10,知屿体验,会员推荐,250,56,41,30,23,7,2660,88
2026-06-10,知屿体验,主题活动,309,74,54,32,24,8,3040,108
2026-06-10,知屿体验,自然到访,339,85,62,37,28,9,3420,119
2026-06-10,拾光工坊,内容社区,141,27,20,12,9,2,520,49
2026-06-10,拾光工坊,搜索投放,179,36,26,16,12,3,780,170
2026-06-10,拾光工坊,体验合伙人,198,42,31,19,14,3,780,69
2026-06-10,拾光工坊,会员推荐,211,48,35,25,19,6,1560,74
2026-06-10,拾光工坊,主题活动,215,51,37,22,17,5,1300,75
2026-06-10,拾光工坊,自然到访,213,53,39,23,17,6,1560,75
2026-06-11,知屿体验,内容社区,200,38,28,17,13,3,1140,70
2026-06-11,知屿体验,搜索投放,214,43,31,19,14,4,1520,203
2026-06-11,知屿体验,体验合伙人,222,48,35,21,16,3,1140,78
2026-06-11,知屿体验,会员推荐,262,59,43,31,24,7,2660,92
2026-06-11,知屿体验,主题活动,285,68,50,30,23,7,2660,100
2026-06-11,知屿体验,自然到访,316,79,58,35,27,9,3420,111
2026-06-11,拾光工坊,内容社区,157,30,22,13,10,3,780,55
2026-06-11,拾光工坊,搜索投放,177,36,26,16,12,3,780,168
2026-06-11,拾光工坊,体验合伙人,163,35,26,16,12,2,520,57
2026-06-11,拾光工坊,会员推荐,210,47,34,24,18,5,1300,74
2026-06-11,拾光工坊,主题活动,209,50,36,22,17,5,1300,73
2026-06-11,拾光工坊,自然到访,246,62,45,27,21,7,1820,86
2026-06-12,知屿体验,内容社区,186,35,26,16,12,3,1140,65
2026-06-12,知屿体验,搜索投放,211,43,31,19,14,4,1520,200
2026-06-12,知屿体验,体验合伙人,270,58,42,25,19,3,1140,94
2026-06-12,知屿体验,会员推荐,313,71,52,37,28,9,3420,110
2026-06-12,知屿体验,主题活动,314,75,55,33,25,8,3040,110
2026-06-12,知屿体验,自然到访,290,72,53,32,24,8,3040,102
2026-06-12,拾光工坊,内容社区,135,26,19,11,8,2,520,47
2026-06-12,拾光工坊,搜索投放,172,35,26,16,12,3,780,163
2026-06-12,拾光工坊,体验合伙人,189,40,29,17,13,2,520,66
2026-06-12,拾光工坊,会员推荐,211,48,35,25,19,6,1560,74
2026-06-12,拾光工坊,主题活动,219,52,38,23,17,5,1300,77
2026-06-12,拾光工坊,自然到访,228,57,42,25,19,6,1560,80
2026-06-13,知屿体验,内容社区,201,38,28,17,13,3,1140,70
2026-06-13,知屿体验,搜索投放,247,50,36,22,17,5,1900,235
2026-06-13,知屿体验,体验合伙人,225,48,35,21,16,3,1140,79
2026-06-13,知屿体验,会员推荐,296,67,49,35,27,8,3040,104
2026-06-13,知屿体验,主题活动,293,70,51,31,24,8,3040,103
2026-06-13,知屿体验,自然到访,348,87,64,38,29,10,3800,122
2026-06-13,拾光工坊,内容社区,131,25,18,11,8,2,520,46
2026-06-13,拾光工坊,搜索投放,181,37,27,16,12,3,780,172
2026-06-13,拾光工坊,体验合伙人,187,40,29,17,13,2,520,65
2026-06-13,拾光工坊,会员推荐,192,43,31,22,17,5,1300,67
2026-06-13,拾光工坊,主题活动,242,58,42,25,19,6,1560,85
2026-06-13,拾光工坊,自然到访,219,55,40,24,18,6,1560,77
2026-06-14,知屿体验,内容社区,184,35,26,16,12,3,1140,64
2026-06-14,知屿体验,搜索投放,205,41,30,18,14,4,1520,195
2026-06-14,知屿体验,体验合伙人,249,53,39,23,17,3,1140,87
2026-06-14,知屿体验,会员推荐,298,67,49,35,27,8,3040,104
2026-06-14,知屿体验,主题活动,308,73,53,32,24,8,3040,108
2026-06-14,知屿体验,自然到访,381,95,69,41,31,10,3800,133
2026-06-14,拾光工坊,内容社区,124,24,18,11,8,2,520,43
2026-06-14,拾光工坊,搜索投放,141,28,20,12,9,2,520,134
2026-06-14,拾光工坊,体验合伙人,202,43,31,19,14,3,780,71
2026-06-14,拾光工坊,会员推荐,225,51,37,27,21,6,1560,79
2026-06-14,拾光工坊,主题活动,251,60,44,26,20,6,1560,88
2026-06-14,拾光工坊,自然到访,259,65,47,28,21,7,1820,91
2026-06-15,知屿体验,内容社区,193,37,27,16,12,3,1140,68
2026-06-15,知屿体验,搜索投放,221,45,33,20,15,4,1520,210
2026-06-15,知屿体验,体验合伙人,276,59,43,26,20,4,1520,97
2026-06-15,知屿体验,会员推荐,287,65,47,34,26,8,3040,100
2026-06-15,知屿体验,主题活动,284,68,50,30,23,7,2660,99
2026-06-15,知屿体验,自然到访,378,94,69,41,31,10,3800,132
2026-06-15,拾光工坊,内容社区,145,28,20,12,9,2,520,51
2026-06-15,拾光工坊,搜索投放,171,35,26,16,12,3,780,162
2026-06-15,拾光工坊,体验合伙人,206,44,32,19,14,3,780,72
2026-06-15,拾光工坊,会员推荐,191,43,31,22,17,5,1300,67
2026-06-15,拾光工坊,主题活动,232,55,40,24,18,6,1560,81
2026-06-15,拾光工坊,自然到访,239,60,44,26,20,7,1820,84
2026-06-16,知屿体验,内容社区,179,34,25,15,11,3,1140,63
2026-06-16,知屿体验,搜索投放,209,42,31,19,14,4,1520,199
2026-06-16,知屿体验,体验合伙人,246,53,39,23,17,3,1140,86
2026-06-16,知屿体验,会员推荐,307,69,50,36,27,8,3040,107
2026-06-16,知屿体验,主题活动,269,64,47,28,21,7,2660,94
2026-06-16,知屿体验,自然到访,291,73,53,32,24,8,3040,102
2026-06-16,拾光工坊,内容社区,155,29,21,13,10,3,780,54
2026-06-16,拾光工坊,搜索投放,143,29,21,13,10,3,780,136
2026-06-16,拾光工坊,体验合伙人,198,42,31,19,14,3,780,69
2026-06-16,拾光工坊,会员推荐,176,40,29,21,16,5,1300,62
2026-06-16,拾光工坊,主题活动,255,61,45,27,21,7,1820,89
2026-06-16,拾光工坊,自然到访,243,61,45,27,21,7,1820,85
2026-06-17,知屿体验,内容社区,186,35,26,16,12,3,1140,65
2026-06-17,知屿体验,搜索投放,194,39,28,17,13,4,1520,184
2026-06-17,知屿体验,体验合伙人,218,47,34,20,15,3,1140,76
2026-06-17,知屿体验,会员推荐,259,59,43,31,24,7,2660,91
2026-06-17,知屿体验,主题活动,343,82,60,36,27,9,3420,120
2026-06-17,知屿体验,自然到访,318,80,58,35,27,9,3420,111
2026-06-17,拾光工坊,内容社区,126,24,18,11,8,2,520,44
2026-06-17,拾光工坊,搜索投放,150,30,22,13,10,3,780,142
2026-06-17,拾光工坊,体验合伙人,199,43,31,19,14,3,780,70
2026-06-17,拾光工坊,会员推荐,206,47,34,24,18,5,1300,72
2026-06-17,拾光工坊,主题活动,234,56,41,25,19,6,1560,82
2026-06-17,拾光工坊,自然到访,225,56,41,25,19,6,1560,79
2026-06-18,知屿体验,内容社区,201,38,28,17,13,3,1140,70
2026-06-18,知屿体验,搜索投放,197,40,29,17,13,4,1520,187
2026-06-18,知屿体验,体验合伙人,256,55,40,24,18,3,1140,90
2026-06-18,知屿体验,会员推荐,285,64,47,34,26,8,3040,100
2026-06-18,知屿体验,主题活动,329,78,57,34,26,8,3040,115
2026-06-18,知屿体验,自然到访,351,88,64,38,29,10,3800,123
2026-06-18,拾光工坊,内容社区,123,23,17,10,8,2,520,43
2026-06-18,拾光工坊,搜索投放,161,33,24,14,11,3,780,153
2026-06-18,拾光工坊,体验合伙人,196,42,31,19,14,3,780,69
2026-06-18,拾光工坊,会员推荐,228,52,38,27,21,6,1560,80
2026-06-18,拾光工坊,主题活动,225,54,39,23,17,5,1300,79
2026-06-18,拾光工坊,自然到访,240,60,44,26,20,7,1820,84
2026-06-19,知屿体验,内容社区,200,38,28,17,13,3,1140,70
2026-06-19,知屿体验,搜索投放,202,41,30,18,14,4,1520,192
2026-06-19,知屿体验,体验合伙人,260,56,41,25,19,3,1140,91
2026-06-19,知屿体验,会员推荐,285,64,47,34,26,8,3040,100
2026-06-19,知屿体验,主题活动,326,78,57,34,26,8,3040,114
2026-06-19,知屿体验,自然到访,307,77,56,34,26,9,3420,107
2026-06-19,拾光工坊,内容社区,124,24,18,11,8,2,520,43
2026-06-19,拾光工坊,搜索投放,140,28,20,12,9,2,520,133
2026-06-19,拾光工坊,体验合伙人,202,43,31,19,14,3,780,71
2026-06-19,拾光工坊,会员推荐,215,49,36,26,20,6,1560,75
2026-06-19,拾光工坊,主题活动,252,60,44,26,20,6,1560,88
2026-06-19,拾光工坊,自然到访,242,60,44,26,20,7,1820,85
2026-06-20,知屿体验,内容社区,177,34,25,15,11,3,1140,62
2026-06-20,知屿体验,搜索投放,201,41,30,18,14,4,1520,191
2026-06-20,知屿体验,体验合伙人,265,57,42,25,19,3,1140,93
2026-06-20,知屿体验,会员推荐,274,62,45,32,24,7,2660,96
2026-06-20,知屿体验,主题活动,272,65,47,28,21,7,2660,95
2026-06-20,知屿体验,自然到访,372,93,68,41,31,10,3800,130
2026-06-20,拾光工坊,内容社区,127,24,18,11,8,2,520,44
2026-06-20,拾光工坊,搜索投放,166,34,25,15,11,3,780,158
2026-06-20,拾光工坊,体验合伙人,179,38,28,17,13,2,520,63
2026-06-20,拾光工坊,会员推荐,179,40,29,21,16,5,1300,63
2026-06-20,拾光工坊,主题活动,199,47,34,20,15,5,1300,70
2026-06-20,拾光工坊,自然到访,214,54,39,23,17,6,1560,75
2026-06-21,知屿体验,内容社区,168,32,23,14,11,3,1140,59
2026-06-21,知屿体验,搜索投放,235,47,34,20,15,4,1520,223
2026-06-21,知屿体验,体验合伙人,220,47,34,20,15,3,1140,77
2026-06-21,知屿体验,会员推荐,297,67,49,35,27,8,3040,104
2026-06-21,知屿体验,主题活动,338,80,58,35,27,9,3420,118
2026-06-21,知屿体验,自然到访,368,92,67,40,30,10,3800,129
2026-06-21,拾光工坊,内容社区,152,29,21,13,10,3,780,53
2026-06-21,拾光工坊,搜索投放,180,36,26,16,12,3,780,171
2026-06-21,拾光工坊,体验合伙人,162,35,26,16,12,2,520,57
2026-06-21,拾光工坊,会员推荐,224,51,37,27,21,6,1560,78
2026-06-21,拾光工坊,主题活动,212,50,36,22,17,5,1300,74
2026-06-21,拾光工坊,自然到访,268,67,49,29,22,7,1820,94
2026-06-22,知屿体验,内容社区,218,41,30,18,14,4,1520,76
2026-06-22,知屿体验,搜索投放,234,47,34,20,15,4,1520,222
2026-06-22,知屿体验,体验合伙人,282,60,44,26,20,4,1520,99
2026-06-22,知屿体验,会员推荐,309,70,51,37,28,9,3420,108
2026-06-22,知屿体验,主题活动,338,80,58,35,27,9,3420,118
2026-06-22,知屿体验,自然到访,348,87,64,38,29,10,3800,122
2026-06-22,拾光工坊,内容社区,153,29,21,13,10,3,780,54
2026-06-22,拾光工坊,搜索投放,170,34,25,15,11,3,780,162
2026-06-22,拾光工坊,体验合伙人,180,39,28,17,13,2,520,63
2026-06-22,拾光工坊,会员推荐,209,47,34,24,18,5,1300,73
2026-06-22,拾光工坊,主题活动,218,52,38,23,17,5,1300,76
2026-06-22,拾光工坊,自然到访,227,57,42,25,19,6,1560,79
2026-06-23,知屿体验,内容社区,195,37,27,16,12,3,1140,68
2026-06-23,知屿体验,搜索投放,196,40,29,17,13,4,1520,186
2026-06-23,知屿体验,体验合伙人,262,56,41,25,19,3,1140,92
2026-06-23,知屿体验,会员推荐,276,62,45,32,24,7,2660,97
2026-06-23,知屿体验,主题活动,324,77,56,34,26,8,3040,113
2026-06-23,知屿体验,自然到访,380,95,69,41,31,10,3800,133
2026-06-23,拾光工坊,内容社区,145,28,20,12,9,2,520,51
2026-06-23,拾光工坊,搜索投放,166,34,25,15,11,3,780,158
2026-06-23,拾光工坊,体验合伙人,189,40,29,17,13,2,520,66
2026-06-23,拾光工坊,会员推荐,234,53,39,28,21,6,1560,82
2026-06-23,拾光工坊,主题活动,196,47,34,20,15,5,1300,69
2026-06-23,拾光工坊,自然到访,274,68,50,30,23,8,2080,96
2026-06-24,知屿体验,内容社区,190,36,26,16,12,3,1140,66
2026-06-24,知屿体验,搜索投放,223,45,33,20,15,4,1520,212
2026-06-24,知屿体验,体验合伙人,282,60,44,26,20,4,1520,99
2026-06-24,知屿体验,会员推荐,268,61,45,32,24,7,2660,94
2026-06-24,知屿体验,主题活动,296,70,51,31,24,8,3040,104
2026-06-24,知屿体验,自然到访,332,83,61,37,28,9,3420,116
2026-06-24,拾光工坊,内容社区,137,26,19,11,8,2,520,48
2026-06-24,拾光工坊,搜索投放,167,34,25,15,11,3,780,159
2026-06-24,拾光工坊,体验合伙人,180,39,28,17,13,2,520,63
2026-06-24,拾光工坊,会员推荐,211,48,35,25,19,6,1560,74
2026-06-24,拾光工坊,主题活动,211,50,36,22,17,5,1300,74
2026-06-24,拾光工坊,自然到访,219,55,40,24,18,6,1560,77
2026-06-25,知屿体验,内容社区,187,36,26,16,12,3,1140,65
2026-06-25,知屿体验,搜索投放,212,43,31,19,14,4,1520,201
2026-06-25,知屿体验,体验合伙人,262,56,41,25,19,3,1140,92
2026-06-25,知屿体验,会员推荐,305,69,50,36,27,8,3040,107
2026-06-25,知屿体验,主题活动,328,78,57,34,26,8,3040,115
2026-06-25,知屿体验,自然到访,376,94,69,41,31,10,3800,132
2026-06-25,拾光工坊,内容社区,159,30,22,13,10,3,780,56
2026-06-25,拾光工坊,搜索投放,162,33,24,14,11,3,780,154
2026-06-25,拾光工坊,体验合伙人,169,36,26,16,12,2,520,59
2026-06-25,拾光工坊,会员推荐,202,46,34,24,18,5,1300,71
2026-06-25,拾光工坊,主题活动,224,53,39,23,17,5,1300,78
2026-06-25,拾光工坊,自然到访,244,61,45,27,21,7,1820,85
2026-06-26,知屿体验,内容社区,181,34,25,15,11,3,1140,63
2026-06-26,知屿体验,搜索投放,216,44,32,19,14,4,1520,205
2026-06-26,知屿体验,体验合伙人,236,51,37,22,17,3,1140,83
2026-06-26,知屿体验,会员推荐,286,65,47,34,26,8,3040,100
2026-06-26,知屿体验,主题活动,291,69,50,30,23,7,2660,102
2026-06-26,知屿体验,自然到访,295,74,54,32,24,8,3040,103
2026-06-26,拾光工坊,内容社区,162,31,23,14,11,3,780,57
2026-06-26,拾光工坊,搜索投放,155,31,23,14,11,3,780,147
2026-06-26,拾光工坊,体验合伙人,202,43,31,19,14,3,780,71
2026-06-26,拾光工坊,会员推荐,235,53,39,28,21,6,1560,82
2026-06-26,拾光工坊,主题活动,253,60,44,26,20,6,1560,89
2026-06-26,拾光工坊,自然到访,223,56,41,25,19,6,1560,78
2026-06-27,知屿体验,内容社区,179,34,25,15,11,3,1140,63
2026-06-27,知屿体验,搜索投放,246,50,36,22,17,5,1900,234
2026-06-27,知屿体验,体验合伙人,284,61,45,27,21,4,1520,99
2026-06-27,知屿体验,会员推荐,304,69,50,36,27,8,3040,106
2026-06-27,知屿体验,主题活动,347,83,61,37,28,9,3420,121
2026-06-27,知屿体验,自然到访,367,92,67,40,30,10,3800,128
2026-06-27,拾光工坊,内容社区,134,25,18,11,8,2,520,47
2026-06-27,拾光工坊,搜索投放,167,34,25,15,11,3,780,159
2026-06-27,拾光工坊,体验合伙人,204,44,32,19,14,3,780,71
2026-06-27,拾光工坊,会员推荐,194,44,32,23,17,5,1300,68
2026-06-27,拾光工坊,主题活动,214,51,37,22,17,5,1300,75
2026-06-27,拾光工坊,自然到访,221,55,40,24,18,6,1560,77
2026-06-28,知屿体验,内容社区,218,41,30,18,14,4,1520,76
2026-06-28,知屿体验,搜索投放,230,46,34,20,15,4,1520,218
2026-06-28,知屿体验,体验合伙人,264,56,41,25,19,3,1140,92
2026-06-28,知屿体验,会员推荐,278,63,46,33,25,8,3040,97
2026-06-28,知屿体验,主题活动,299,71,52,31,24,8,3040,105
2026-06-28,知屿体验,自然到访,341,85,62,37,28,9,3420,119
2026-06-28,拾光工坊,内容社区,161,31,23,14,11,3,780,56
2026-06-28,拾光工坊,搜索投放,147,30,22,13,10,3,780,140
2026-06-28,拾光工坊,体验合伙人,200,43,31,19,14,3,780,70
2026-06-28,拾光工坊,会员推荐,229,52,38,27,21,6,1560,80
2026-06-28,拾光工坊,主题活动,256,61,45,27,21,7,1820,90
2026-06-28,拾光工坊,自然到访,247,62,45,27,21,7,1820,86
2026-06-29,知屿体验,内容社区,175,33,24,14,11,3,1140,61
2026-06-29,知屿体验,搜索投放,194,39,28,17,13,4,1520,184
2026-06-29,知屿体验,体验合伙人,227,49,36,22,17,3,1140,79
2026-06-29,知屿体验,会员推荐,271,61,45,32,24,7,2660,95
2026-06-29,知屿体验,主题活动,332,79,58,35,27,9,3420,116
2026-06-29,知屿体验,自然到访,388,97,71,43,33,11,4180,136
2026-06-29,拾光工坊,内容社区,130,25,18,11,8,2,520,46
2026-06-29,拾光工坊,搜索投放,150,30,22,13,10,3,780,142
2026-06-29,拾光工坊,体验合伙人,171,37,27,16,12,2,520,60
2026-06-29,拾光工坊,会员推荐,233,53,39,28,21,6,1560,82
2026-06-29,拾光工坊,主题活动,224,53,39,23,17,5,1300,78
2026-06-29,拾光工坊,自然到访,285,71,52,31,24,8,2080,100
2026-06-30,知屿体验,内容社区,185,35,26,16,12,3,1140,65
2026-06-30,知屿体验,搜索投放,254,51,37,22,17,5,1900,241
2026-06-30,知屿体验,体验合伙人,249,53,39,23,17,3,1140,87
2026-06-30,知屿体验,会员推荐,313,71,52,37,28,9,3420,110
2026-06-30,知屿体验,主题活动,343,82,60,36,27,9,3420,120
2026-06-30,知屿体验,自然到访,378,94,69,41,31,10,3800,132
2026-06-30,拾光工坊,内容社区,129,25,18,11,8,2,520,45
2026-06-30,拾光工坊,搜索投放,164,33,24,14,11,3,780,156
2026-06-30,拾光工坊,体验合伙人,164,35,26,16,12,2,520,57
2026-06-30,拾光工坊,会员推荐,192,43,31,22,17,5,1300,67
2026-06-30,拾光工坊,主题活动,218,52,38,23,17,5,1300,76
2026-06-30,拾光工坊,自然到访,278,70,51,31,24,8,2080,97
2026-07-01,知屿体验,内容社区,196,37,27,16,12,3,1140,69
2026-07-01,知屿体验,搜索投放,151,31,23,14,11,3,1140,143
2026-07-01,知屿体验,体验合伙人,364,78,57,34,26,2,760,127
2026-07-01,知屿体验,会员推荐,247,56,41,30,23,7,2660,86
2026-07-01,知屿体验,主题活动,352,84,61,37,28,9,3420,123
2026-07-01,知屿体验,自然到访,309,77,56,34,26,9,3420,108
2026-07-01,拾光工坊,内容社区,142,27,20,12,9,2,520,50
2026-07-01,拾光工坊,搜索投放,121,24,18,11,8,2,520,115
2026-07-01,拾光工坊,体验合伙人,270,58,42,25,19,2,520,94
2026-07-01,拾光工坊,会员推荐,197,45,33,24,18,5,1300,69
2026-07-01,拾光工坊,主题活动,239,57,42,25,19,6,1560,84
2026-07-01,拾光工坊,自然到访,239,60,44,26,20,7,1820,84
2026-07-02,知屿体验,内容社区,208,40,29,17,13,3,1140,73
2026-07-02,知屿体验,搜索投放,141,28,20,12,9,2,760,134
2026-07-02,知屿体验,体验合伙人,335,72,53,32,24,2,760,117
2026-07-02,知屿体验,会员推荐,262,59,43,31,24,7,2660,92
2026-07-02,知屿体验,主题活动,283,67,49,29,22,7,2660,99
2026-07-02,知屿体验,自然到访,390,98,72,43,33,11,4180,136
2026-07-02,拾光工坊,内容社区,136,26,19,11,8,2,520,48
2026-07-02,拾光工坊,搜索投放,105,21,15,9,7,2,520,100
2026-07-02,拾光工坊,体验合伙人,303,65,47,28,21,2,520,106
2026-07-02,拾光工坊,会员推荐,237,54,39,28,21,6,1560,83
2026-07-02,拾光工坊,主题活动,250,60,44,26,20,6,1560,88
2026-07-02,拾光工坊,自然到访,220,55,40,24,18,6,1560,77
2026-07-03,知屿体验,内容社区,210,40,29,17,13,3,1140,74
2026-07-03,知屿体验,搜索投放,141,28,20,12,9,2,760,134
2026-07-03,知屿体验,体验合伙人,401,86,63,38,29,3,1140,140
2026-07-03,知屿体验,会员推荐,250,56,41,30,23,7,2660,88
2026-07-03,知屿体验,主题活动,326,78,57,34,26,8,3040,114
2026-07-03,知屿体验,自然到访,371,93,68,41,31,10,3800,130
2026-07-03,拾光工坊,内容社区,156,30,22,13,10,3,780,55
2026-07-03,拾光工坊,搜索投放,105,21,15,9,7,2,520,100
2026-07-03,拾光工坊,体验合伙人,286,61,45,27,21,2,520,100
2026-07-03,拾光工坊,会员推荐,186,42,31,22,17,5,1300,65
2026-07-03,拾光工坊,主题活动,256,61,45,27,21,7,1820,90
2026-07-03,拾光工坊,自然到访,239,60,44,26,20,7,1820,84
2026-07-04,知屿体验,内容社区,216,41,30,18,14,4,1520,76
2026-07-04,知屿体验,搜索投放,159,32,23,14,11,3,1140,151
2026-07-04,知屿体验,体验合伙人,382,82,60,36,27,3,1140,134
2026-07-04,知屿体验,会员推荐,298,67,49,35,27,8,3040,104
2026-07-04,知屿体验,主题活动,325,77,56,34,26,8,3040,114
2026-07-04,知屿体验,自然到访,301,75,55,33,25,8,3040,105
2026-07-04,拾光工坊,内容社区,147,28,20,12,9,2,520,51
2026-07-04,拾光工坊,搜索投放,124,25,18,11,8,2,520,118
2026-07-04,拾光工坊,体验合伙人,303,65,47,28,21,2,520,106
2026-07-04,拾光工坊,会员推荐,181,41,30,22,17,5,1300,63
2026-07-04,拾光工坊,主题活动,213,51,37,22,17,5,1300,75
2026-07-04,拾光工坊,自然到访,226,56,41,25,19,6,1560,79
2026-07-05,知屿体验,内容社区,210,40,29,17,13,3,1140,74
2026-07-05,知屿体验,搜索投放,159,32,23,14,11,3,1140,151
2026-07-05,知屿体验,体验合伙人,367,79,58,35,27,3,1140,128
2026-07-05,知屿体验,会员推荐,300,68,50,36,27,8,3040,105
2026-07-05,知屿体验,主题活动,353,84,61,37,28,9,3420,124
2026-07-05,知屿体验,自然到访,312,78,57,34,26,9,3420,109
2026-07-05,拾光工坊,内容社区,131,25,18,11,8,2,520,46
2026-07-05,拾光工坊,搜索投放,95,19,14,8,6,2,520,90
2026-07-05,拾光工坊,体验合伙人,315,67,49,29,22,2,520,110
2026-07-05,拾光工坊,会员推荐,205,46,34,24,18,5,1300,72
2026-07-05,拾光工坊,主题活动,217,52,38,23,17,5,1300,76
2026-07-05,拾光工坊,自然到访,260,65,47,28,21,7,1820,91
2026-07-06,知屿体验,内容社区,199,38,28,17,13,3,1140,70
2026-07-06,知屿体验,搜索投放,158,32,23,14,11,3,1140,150
2026-07-06,知屿体验,体验合伙人,376,80,58,35,27,3,1140,132
2026-07-06,知屿体验,会员推荐,315,71,52,37,28,9,3420,110
2026-07-06,知屿体验,主题活动,332,79,58,35,27,9,3420,116
2026-07-06,知屿体验,自然到访,355,89,65,39,30,10,3800,124
2026-07-06,拾光工坊,内容社区,152,29,21,13,10,3,780,53
2026-07-06,拾光工坊,搜索投放,97,20,15,9,7,2,520,92
2026-07-06,拾光工坊,体验合伙人,318,68,50,30,23,2,520,111
2026-07-06,拾光工坊,会员推荐,229,52,38,27,21,6,1560,80
2026-07-06,拾光工坊,主题活动,242,58,42,25,19,6,1560,85
2026-07-06,拾光工坊,自然到访,267,67,49,29,22,7,1820,93
2026-07-07,知屿体验,内容社区,220,42,31,19,14,4,1520,77
2026-07-07,知屿体验,搜索投放,132,27,20,12,9,2,760,125
2026-07-07,知屿体验,体验合伙人,417,89,65,39,30,3,1140,146
2026-07-07,知屿体验,会员推荐,319,72,53,38,29,9,3420,112
2026-07-07,知屿体验,主题活动,345,82,60,36,27,9,3420,121
2026-07-07,知屿体验,自然到访,334,84,61,37,28,9,3420,117
2026-07-07,拾光工坊,内容社区,157,30,22,13,10,3,780,55
2026-07-07,拾光工坊,搜索投放,113,23,17,10,8,2,520,107
2026-07-07,拾光工坊,体验合伙人,319,68,50,30,23,2,520,112
2026-07-07,拾光工坊,会员推荐,200,45,33,24,18,5,1300,70
2026-07-07,拾光工坊,主题活动,241,57,42,25,19,6,1560,84
2026-07-07,拾光工坊,自然到访,225,56,41,25,19,6,1560,79
2026-07-08,知屿体验,内容社区,187,36,26,16,12,3,1140,65
2026-07-08,知屿体验,搜索投放,171,35,26,16,12,3,1140,162
2026-07-08,知屿体验,体验合伙人,439,94,69,41,31,3,1140,154
2026-07-08,知屿体验,会员推荐,293,66,48,35,27,8,3040,103
2026-07-08,知屿体验,主题活动,320,76,55,33,25,8,3040,112
2026-07-08,知屿体验,自然到访,308,77,56,34,26,9,3420,108
2026-07-08,拾光工坊,内容社区,147,28,20,12,9,2,520,51
2026-07-08,拾光工坊,搜索投放,104,21,15,9,7,2,520,99
2026-07-08,拾光工坊,体验合伙人,256,55,40,24,18,2,520,90
2026-07-08,拾光工坊,会员推荐,189,43,31,22,17,5,1300,66
2026-07-08,拾光工坊,主题活动,262,62,45,27,21,7,1820,92
2026-07-08,拾光工坊,自然到访,272,68,50,30,23,8,2080,95
2026-07-09,知屿体验,内容社区,196,37,27,16,12,3,1140,69
2026-07-09,知屿体验,搜索投放,144,29,21,13,10,3,1140,137
2026-07-09,知屿体验,体验合伙人,414,89,65,39,30,3,1140,145
2026-07-09,知屿体验,会员推荐,257,58,42,30,23,7,2660,90
2026-07-09,知屿体验,主题活动,328,78,57,34,26,8,3040,115
2026-07-09,知屿体验,自然到访,367,92,67,40,30,10,3800,128
2026-07-09,拾光工坊,内容社区,161,31,23,14,11,3,780,56
2026-07-09,拾光工坊,搜索投放,125,25,18,11,8,2,520,119
2026-07-09,拾光工坊,体验合伙人,259,55,40,24,18,2,520,91
2026-07-09,拾光工坊,会员推荐,229,52,38,27,21,6,1560,80
2026-07-09,拾光工坊,主题活动,250,60,44,26,20,6,1560,88
2026-07-09,拾光工坊,自然到访,287,72,53,32,24,8,2080,100
2026-07-10,知屿体验,内容社区,214,41,30,18,14,4,1520,75
2026-07-10,知屿体验,搜索投放,149,30,22,13,10,3,1140,142
2026-07-10,知屿体验,体验合伙人,420,90,66,40,30,3,1140,147
2026-07-10,知屿体验,会员推荐,317,72,53,38,29,9,3420,111
2026-07-10,知屿体验,主题活动,301,72,53,32,24,8,3040,105
2026-07-10,知屿体验,自然到访,351,88,64,38,29,10,3800,123
2026-07-10,拾光工坊,内容社区,141,27,20,12,9,2,520,49
2026-07-10,拾光工坊,搜索投放,120,24,18,11,8,2,520,114
2026-07-10,拾光工坊,体验合伙人,297,64,47,28,21,2,520,104
2026-07-10,拾光工坊,会员推荐,203,46,34,24,18,5,1300,71
2026-07-10,拾光工坊,主题活动,244,58,42,25,19,6,1560,85
2026-07-10,拾光工坊,自然到访,286,72,53,32,24,8,2080,100
2026-07-11,知屿体验,内容社区,171,32,23,14,11,3,1140,60
2026-07-11,知屿体验,搜索投放,159,32,23,14,11,3,1140,151
2026-07-11,知屿体验,体验合伙人,342,73,53,32,24,2,760,120
2026-07-11,知屿体验,会员推荐,255,58,42,30,23,7,2660,89
2026-07-11,知屿体验,主题活动,360,86,63,38,29,9,3420,126
2026-07-11,知屿体验,自然到访,364,91,66,40,30,10,3800,127
2026-07-11,拾光工坊,内容社区,157,30,22,13,10,3,780,55
2026-07-11,拾光工坊,搜索投放,106,21,15,9,7,2,520,101
2026-07-11,拾光工坊,体验合伙人,281,60,44,26,20,2,520,98
2026-07-11,拾光工坊,会员推荐,231,52,38,27,21,6,1560,81
2026-07-11,拾光工坊,主题活动,240,57,42,25,19,6,1560,84
2026-07-11,拾光工坊,自然到访,233,58,42,25,19,6,1560,82
2026-07-12,知屿体验,内容社区,187,36,26,16,12,3,1140,65
2026-07-12,知屿体验,搜索投放,153,31,23,14,11,3,1140,145
2026-07-12,知屿体验,体验合伙人,416,89,65,39,30,3,1140,146
2026-07-12,知屿体验,会员推荐,257,58,42,30,23,7,2660,90
2026-07-12,知屿体验,主题活动,347,83,61,37,28,9,3420,121
2026-07-12,知屿体验,自然到访,335,84,61,37,28,9,3420,117
2026-07-12,拾光工坊,内容社区,140,27,20,12,9,2,520,49
2026-07-12,拾光工坊,搜索投放,103,21,15,9,7,2,520,98
2026-07-12,拾光工坊,体验合伙人,299,64,47,28,21,2,520,105
2026-07-12,拾光工坊,会员推荐,201,45,33,24,18,5,1300,70
2026-07-12,拾光工坊,主题活动,237,56,41,25,19,6,1560,83
2026-07-12,拾光工坊,自然到访,235,59,43,26,20,7,1820,82
2026-07-13,知屿体验,内容社区,172,33,24,14,11,3,1140,60
2026-07-13,知屿体验,搜索投放,168,34,25,15,11,3,1140,160
2026-07-13,知屿体验,体验合伙人,393,84,61,37,28,3,1140,138
2026-07-13,知屿体验,会员推荐,288,65,47,34,26,8,3040,101
2026-07-13,知屿体验,主题活动,299,71,52,31,24,8,3040,105
2026-07-13,知屿体验,自然到访,343,86,63,38,29,10,3800,120
2026-07-13,拾光工坊,内容社区,142,27,20,12,9,2,520,50
2026-07-13,拾光工坊,搜索投放,99,20,15,9,7,2,520,94
2026-07-13,拾光工坊,体验合伙人,304,65,47,28,21,2,520,106
2026-07-13,拾光工坊,会员推荐,189,43,31,22,17,5,1300,66
2026-07-13,拾光工坊,主题活动,236,56,41,25,19,6,1560,83
2026-07-13,拾光工坊,自然到访,227,57,42,25,19,6,1560,79
2026-07-14,知屿体验,内容社区,227,43,31,19,14,4,1520,79
2026-07-14,知屿体验,搜索投放,170,34,25,15,11,3,1140,162
2026-07-14,知屿体验,体验合伙人,389,83,61,37,28,3,1140,136
2026-07-14,知屿体验,会员推荐,328,74,54,39,30,9,3420,115
2026-07-14,知屿体验,主题活动,349,83,61,37,28,9,3420,122
2026-07-14,知屿体验,自然到访,306,76,55,33,25,8,3040,107
2026-07-14,拾光工坊,内容社区,132,25,18,11,8,2,520,46
2026-07-14,拾光工坊,搜索投放,124,25,18,11,8,2,520,118
2026-07-14,拾光工坊,体验合伙人,268,57,42,25,19,2,520,94
2026-07-14,拾光工坊,会员推荐,232,52,38,27,21,6,1560,81
2026-07-14,拾光工坊,主题活动,227,54,39,23,17,5,1300,79
2026-07-14,拾光工坊,自然到访,271,68,50,30,23,8,2080,95
2026-07-15,知屿体验,内容社区,201,38,28,17,13,3,1140,70
2026-07-15,知屿体验,搜索投放,148,30,22,13,10,3,1140,141
2026-07-15,知屿体验,体验合伙人,347,74,54,32,24,2,760,121
2026-07-15,知屿体验,会员推荐,303,68,50,36,27,8,3040,106
2026-07-15,知屿体验,主题活动,333,79,58,35,27,9,3420,117
2026-07-15,知屿体验,自然到访,315,79,58,35,27,9,3420,110
2026-07-15,拾光工坊,内容社区,151,29,21,13,10,3,780,53
2026-07-15,拾光工坊,搜索投放,102,21,15,9,7,2,520,97
2026-07-15,拾光工坊,体验合伙人,292,62,45,27,21,2,520,102
2026-07-15,拾光工坊,会员推荐,236,53,39,28,21,6,1560,83
2026-07-15,拾光工坊,主题活动,252,60,44,26,20,6,1560,88
2026-07-15,拾光工坊,自然到访,244,61,45,27,21,7,1820,85
2026-07-16,知屿体验,内容社区,224,43,31,19,14,4,1520,78
2026-07-16,知屿体验,搜索投放,164,33,24,14,11,3,1140,156
2026-07-16,知屿体验,体验合伙人,346,74,54,32,24,2,760,121
2026-07-16,知屿体验,会员推荐,318,72,53,38,29,9,3420,111
2026-07-16,知屿体验,主题活动,355,84,61,37,28,9,3420,124
2026-07-16,知屿体验,自然到访,331,83,61,37,28,9,3420,116
2026-07-16,拾光工坊,内容社区,150,28,20,12,9,2,520,52
2026-07-16,拾光工坊,搜索投放,103,21,15,9,7,2,520,98
2026-07-16,拾光工坊,体验合伙人,310,66,48,29,22,2,520,108
2026-07-16,拾光工坊,会员推荐,234,53,39,28,21,6,1560,82
2026-07-16,拾光工坊,主题活动,250,60,44,26,20,6,1560,88
2026-07-16,拾光工坊,自然到访,276,69,50,30,23,8,2080,97
2026-07-17,知屿体验,内容社区,179,34,25,15,11,3,1140,63
2026-07-17,知屿体验,搜索投放,140,28,20,12,9,2,760,133
2026-07-17,知屿体验,体验合伙人,339,73,53,32,24,2,760,119
2026-07-17,知屿体验,会员推荐,260,59,43,31,24,7,2660,91
2026-07-17,知屿体验,主题活动,331,79,58,35,27,9,3420,116
2026-07-17,知屿体验,自然到访,321,80,58,35,27,9,3420,112
2026-07-17,拾光工坊,内容社区,147,28,20,12,9,2,520,51
2026-07-17,拾光工坊,搜索投放,127,26,19,11,8,2,520,121
2026-07-17,拾光工坊,体验合伙人,317,68,50,30,23,2,520,111
2026-07-17,拾光工坊,会员推荐,195,44,32,23,17,5,1300,68
2026-07-17,拾光工坊,主题活动,220,52,38,23,17,5,1300,77
2026-07-17,拾光工坊,自然到访,288,72,53,32,24,8,2080,101
2026-07-18,知屿体验,内容社区,219,42,31,19,14,4,1520,77
2026-07-18,知屿体验,搜索投放,160,32,23,14,11,3,1140,152
2026-07-18,知屿体验,体验合伙人,436,93,68,41,31,3,1140,153
2026-07-18,知屿体验,会员推荐,329,74,54,39,30,9,3420,115
2026-07-18,知屿体验,主题活动,279,66,48,29,22,7,2660,98
2026-07-18,知屿体验,自然到访,364,91,66,40,30,10,3800,127
2026-07-18,拾光工坊,内容社区,153,29,21,13,10,3,780,54
2026-07-18,拾光工坊,搜索投放,103,21,15,9,7,2,520,98
2026-07-18,拾光工坊,体验合伙人,293,63,46,28,21,2,520,103
2026-07-18,拾光工坊,会员推荐,226,51,37,27,21,6,1560,79
2026-07-18,拾光工坊,主题活动,258,61,45,27,21,7,1820,90
2026-07-18,拾光工坊,自然到访,236,59,43,26,20,7,1820,83
2026-07-19,知屿体验,内容社区,226,43,31,19,14,4,1520,79
2026-07-19,知屿体验,搜索投放,164,33,24,14,11,3,1140,156
2026-07-19,知屿体验,体验合伙人,419,90,66,40,30,3,1140,147
2026-07-19,知屿体验,会员推荐,260,59,43,31,24,7,2660,91
2026-07-19,知屿体验,主题活动,341,81,59,35,27,9,3420,119
2026-07-19,知屿体验,自然到访,355,89,65,39,30,10,3800,124
2026-07-19,拾光工坊,内容社区,139,26,19,11,8,2,520,49
2026-07-19,拾光工坊,搜索投放,103,21,15,9,7,2,520,98
2026-07-19,拾光工坊,体验合伙人,317,68,50,30,23,2,520,111
2026-07-19,拾光工坊,会员推荐,209,47,34,24,18,5,1300,73
2026-07-19,拾光工坊,主题活动,240,57,42,25,19,6,1560,84
2026-07-19,拾光工坊,自然到访,226,56,41,25,19,6,1560,79
2026-07-20,知屿体验,内容社区,178,34,25,15,11,3,1140,62
2026-07-20,知屿体验,搜索投放,158,32,23,14,11,3,1140,150
2026-07-20,知屿体验,体验合伙人,373,80,58,35,27,3,1140,131
2026-07-20,知屿体验,会员推荐,266,60,44,32,24,7,2660,93
2026-07-20,知屿体验,主题活动,356,85,62,37,28,9,3420,125
2026-07-20,知屿体验,自然到访,341,85,62,37,28,9,3420,119
2026-07-20,拾光工坊,内容社区,159,30,22,13,10,3,780,56
2026-07-20,拾光工坊,搜索投放,100,20,15,9,7,2,520,95
2026-07-20,拾光工坊,体验合伙人,263,56,41,25,19,2,520,92
2026-07-20,拾光工坊,会员推荐,238,54,39,28,21,6,1560,83
2026-07-20,拾光工坊,主题活动,239,57,42,25,19,6,1560,84
2026-07-20,拾光工坊,自然到访,245,61,45,27,21,7,1820,86
2026-07-21,知屿体验,内容社区,188,36,26,16,12,3,1140,66
2026-07-21,知屿体验,搜索投放,144,29,21,13,10,3,1140,137
2026-07-21,知屿体验,体验合伙人,419,90,66,40,30,3,1140,147
2026-07-21,知屿体验,会员推荐,308,70,51,37,28,9,3420,108
2026-07-21,知屿体验,主题活动,344,82,60,36,27,9,3420,120
2026-07-21,知屿体验,自然到访,323,81,59,35,27,9,3420,113
2026-07-21,拾光工坊,内容社区,157,30,22,13,10,3,780,55
2026-07-21,拾光工坊,搜索投放,106,21,15,9,7,2,520,101
2026-07-21,拾光工坊,体验合伙人,270,58,42,25,19,2,520,94
2026-07-21,拾光工坊,会员推荐,215,49,36,26,20,6,1560,75
2026-07-21,拾光工坊,主题活动,233,55,40,24,18,6,1560,82
2026-07-21,拾光工坊,自然到访,242,60,44,26,20,7,1820,85
2026-07-22,知屿体验,内容社区,192,36,26,16,12,3,1140,67
2026-07-22,知屿体验,搜索投放,142,29,21,13,10,3,1140,135
2026-07-22,知屿体验,体验合伙人,440,94,69,41,31,3,1140,154
2026-07-22,知屿体验,会员推荐,330,75,55,40,30,9,3420,115
2026-07-22,知屿体验,主题活动,283,67,49,29,22,7,2660,99
2026-07-22,知屿体验,自然到访,347,87,64,38,29,10,3800,121
2026-07-22,拾光工坊,内容社区,133,25,18,11,8,2,520,47
2026-07-22,拾光工坊,搜索投放,107,22,16,10,8,2,520,102
2026-07-22,拾光工坊,体验合伙人,293,63,46,28,21,2,520,103
2026-07-22,拾光工坊,会员推荐,231,52,38,27,21,6,1560,81
2026-07-22,拾光工坊,主题活动,229,55,40,24,18,6,1560,80
2026-07-22,拾光工坊,自然到访,251,63,46,28,21,7,1820,88
2026-07-23,知屿体验,内容社区,186,35,26,16,12,3,1140,65
2026-07-23,知屿体验,搜索投放,156,32,23,14,11,3,1140,148
2026-07-23,知屿体验,体验合伙人,447,96,70,42,32,3,1140,156
2026-07-23,知屿体验,会员推荐,289,65,47,34,26,8,3040,101
2026-07-23,知屿体验,主题活动,322,77,56,34,26,8,3040,113
2026-07-23,知屿体验,自然到访,347,87,64,38,29,10,3800,121
2026-07-23,拾光工坊,内容社区,134,25,18,11,8,2,520,47
2026-07-23,拾光工坊,搜索投放,116,23,17,10,8,2,520,110
2026-07-23,拾光工坊,体验合伙人,254,54,39,23,17,2,520,89
2026-07-23,拾光工坊,会员推荐,222,50,36,26,20,6,1560,78
2026-07-23,拾光工坊,主题活动,205,49,36,22,17,5,1300,72
2026-07-23,拾光工坊,自然到访,239,60,44,26,20,7,1820,84
2026-07-24,知屿体验,内容社区,227,43,31,19,14,4,1520,79
2026-07-24,知屿体验,搜索投放,146,29,21,13,10,3,1140,139
2026-07-24,知屿体验,体验合伙人,425,91,66,40,30,3,1140,149
2026-07-24,知屿体验,会员推荐,297,67,49,35,27,8,3040,104
2026-07-24,知屿体验,主题活动,318,76,55,33,25,8,3040,111
2026-07-24,知屿体验,自然到访,387,97,71,43,33,11,4180,135
2026-07-24,拾光工坊,内容社区,154,29,21,13,10,3,780,54
2026-07-24,拾光工坊,搜索投放,106,21,15,9,7,2,520,101
2026-07-24,拾光工坊,体验合伙人,294,63,46,28,21,2,520,103
2026-07-24,拾光工坊,会员推荐,242,55,40,29,22,7,1820,85
2026-07-24,拾光工坊,主题活动,213,51,37,22,17,5,1300,75
2026-07-24,拾光工坊,自然到访,224,56,41,25,19,6,1560,78
2026-07-25,知屿体验,内容社区,202,38,28,17,13,3,1140,71
2026-07-25,知屿体验,搜索投放,162,33,24,14,11,3,1140,154
2026-07-25,知屿体验,体验合伙人,442,95,69,41,31,3,1140,155
2026-07-25,知屿体验,会员推荐,255,58,42,30,23,7,2660,89
2026-07-25,知屿体验,主题活动,339,81,59,35,27,9,3420,119
2026-07-25,知屿体验,自然到访,347,87,64,38,29,10,3800,121
2026-07-25,拾光工坊,内容社区,161,31,23,14,11,3,780,56
2026-07-25,拾光工坊,搜索投放,101,20,15,9,7,2,520,96
2026-07-25,拾光工坊,体验合伙人,314,67,49,29,22,2,520,110
2026-07-25,拾光工坊,会员推荐,214,48,35,25,19,6,1560,75
2026-07-25,拾光工坊,主题活动,231,55,40,24,18,6,1560,81
2026-07-25,拾光工坊,自然到访,279,70,51,31,24,8,2080,98
2026-07-26,知屿体验,内容社区,223,42,31,19,14,4,1520,78
2026-07-26,知屿体验,搜索投放,147,30,22,13,10,3,1140,140
2026-07-26,知屿体验,体验合伙人,382,82,60,36,27,3,1140,134
2026-07-26,知屿体验,会员推荐,280,63,46,33,25,8,3040,98
2026-07-26,知屿体验,主题活动,280,67,49,29,22,7,2660,98
2026-07-26,知屿体验,自然到访,308,77,56,34,26,9,3420,108
2026-07-26,拾光工坊,内容社区,156,30,22,13,10,3,780,55
2026-07-26,拾光工坊,搜索投放,128,26,19,11,8,2,520,122
2026-07-26,拾光工坊,体验合伙人,283,61,45,27,21,2,520,99
2026-07-26,拾光工坊,会员推荐,216,49,36,26,20,6,1560,76
2026-07-26,拾光工坊,主题活动,243,58,42,25,19,6,1560,85
2026-07-26,拾光工坊,自然到访,242,60,44,26,20,7,1820,85
